strategy,net benefit,under_prop
S1,-1040984275,0.605059343
S2,-1045984491,0.605059343
S3,-1057013405,0.669219015
S4,-805455355,0.605059343
S5,-525311242.8,0.669219015
S6,-807233959.5,0.871742495
S7,-810455571.1,0.871742495
S8,-807233959.5,0.871742495
S9,-810455571.1,0.871742495
S10,-533058148.6,1
S11,-541340373,1
S12,-533058148.6,1
S13,-541340373,1
