lifecycle_infrastructure_el,environmental_restoration_el,safety_el,total_cost_el,lifecycle_infrastructure_br,environmental_restoration_br,safety_br,total_cost_br
1565090.8575167763,0.0,166163.99912138825,1731254.8566381643,13480751.636247491,933516.8185767626,4433124.734007235,18847393.188831493
