lifecycle_infrastructure_el,environmental_restoration_el,safety_el,total_cost_el,lifecycle_infrastructure_br,environmental_restoration_br,safety_br,total_cost_br
12984385.67767645,856715.4178531081,2294161.760884964,16135262.856414521,5564789.7148443535,856715.4178531081,1515863.3571560173,7937368.489853479
