lifecycle_infrastructure_el,environmental_restoration_el,safety_el,total_cost_el,lifecycle_infrastructure_br,environmental_restoration_br,safety_br,total_cost_br
19225258.799645197,956295.9870845096,1362537.487203879,21544092.27393359,1918327.915268188,956295.9870845096,1362537.487203879,4237161.3895565765
