lifecycle_infrastructure_el,environmental_restoration_el,safety_el,total_cost_el,lifecycle_infrastructure_br,environmental_restoration_br,safety_br,total_cost_br
4849813.561377602,314891.72427828045,1588145.632423613,6752850.918079496,5464067.835117124,314891.72427828045,1588145.632423613,7367105.191819017
