lifecycle_infrastructure_el,environmental_restoration_el,safety_el,total_cost_el,lifecycle_infrastructure_br,environmental_restoration_br,safety_br,total_cost_br
31191555.734180093,2539788.0910745114,3847471.4055356295,37578815.230790205,13312261.775697328,2539788.0910745114,1515863.3571560173,17367913.22392786
