lifecycle_infrastructure_el,environmental_restoration_el,safety_el,total_cost_el,lifecycle_infrastructure_br,environmental_restoration_br,safety_br,total_cost_br
27287854.18598669,835388.9241619094,697123.6404070338,28820366.75055564,4138058.062943397,835388.9241619094,697123.6404070338,5670570.627512343
