lifecycle_infrastructure_el,environmental_restoration_el,safety_el,total_cost_el,lifecycle_infrastructure_br,environmental_restoration_br,safety_br,total_cost_br
31914060.698295932,2800588.4459232166,4280601.766011602,38995250.91023074,9063737.5200194,2800588.4459232166,1666342.152664856,13530668.118607473
