lifecycle_infrastructure_el,environmental_restoration_el,safety_el,total_cost_el,lifecycle_infrastructure_br,environmental_restoration_br,safety_br,total_cost_br
11105017.125537695,314891.72427828045,1588145.632423613,13008054.48223959,3469553.3080439167,314891.72427828045,1588145.632423613,5372590.664745809
