lifecycle_infrastructure_el,environmental_restoration_el,safety_el,total_cost_el,lifecycle_infrastructure_br,environmental_restoration_br,safety_br,total_cost_br
31348271.480440896,1675351.5170724292,1525587.956110423,34549210.95362374,4049495.2261119564,1675351.5170724292,1525587.956110423,7250434.699294808
