lifecycle_infrastructure_el,environmental_restoration_el,safety_el,total_cost_el,lifecycle_infrastructure_br,environmental_restoration_br,safety_br,total_cost_br
36320062.84424356,4003428.9457862265,3865806.0287493463,44189297.81877914,15689171.880100744,4003428.9457862265,3865806.0287493463,23558406.85463632
