lifecycle_infrastructure_el,environmental_restoration_el,safety_el,total_cost_el,lifecycle_infrastructure_br,environmental_restoration_br,safety_br,total_cost_br
19225258.799645197,1449719.1394100604,3436264.687322853,24111242.62637812,5671486.650270843,1449719.1394100604,2060870.1548291475,9182075.944510048
