lifecycle_infrastructure_el,environmental_restoration_el,safety_el,total_cost_el,lifecycle_infrastructure_br,environmental_restoration_br,safety_br,total_cost_br
10987084.918937314,629499.3714905349,1833699.3212373625,13450283.611665215,4741170.693085361,629499.3714905349,1279102.6819391868,6649772.746515085
