lifecycle_infrastructure_el,environmental_restoration_el,safety_el,total_cost_el,lifecycle_infrastructure_br,environmental_restoration_br,safety_br,total_cost_br
24330643.817359075,2155996.308034551,4744134.908602709,31230775.033996347,23304220.304417875,2155996.308034551,2643807.0393873216,28104023.651839763
