lifecycle_infrastructure_el,environmental_restoration_el,safety_el,total_cost_el,lifecycle_infrastructure_br,environmental_restoration_br,safety_br,total_cost_br
13692982.438407296,565125.6811714207,909674.2205126099,15167782.340091323,1552806.6776941023,565125.6811714207,909674.2205126099,3027606.5793781327
