lifecycle_infrastructure_el,environmental_restoration_el,safety_el,total_cost_el,lifecycle_infrastructure_br,environmental_restoration_br,safety_br,total_cost_br
31348271.480440896,1675351.5170724292,3847471.4055356295,36871094.40304893,4049495.2261119564,1675351.5170724292,3847471.4055356295,9572318.148720019
