lifecycle_infrastructure_el,environmental_restoration_el,safety_el,total_cost_el,lifecycle_infrastructure_br,environmental_restoration_br,safety_br,total_cost_br
882885.8259479329,0.0,409046.2246814079,1291932.0506293413,28190651.394144107,1123555.5432704994,978491.2721351889,30292698.209549785
