lifecycle_infrastructure_el,environmental_restoration_el,safety_el,total_cost_el,lifecycle_infrastructure_br,environmental_restoration_br,safety_br,total_cost_br
31348271.480440896,2539788.0910745114,3847471.4055356295,37735530.97705101,3052048.651635609,2539788.0910745114,1515863.3571560173,7107700.099866141
