lifecycle_infrastructure_el,environmental_restoration_el,safety_el,total_cost_el,lifecycle_infrastructure_br,environmental_restoration_br,safety_br,total_cost_br
8434756.291674336,276739.6539837332,548670.6505292668,9260166.596187335,8222909.426913421,276739.6539837332,548670.6505292668,9048319.73142642
