lifecycle_infrastructure_el,environmental_restoration_el,safety_el,total_cost_el,lifecycle_infrastructure_br,environmental_restoration_br,safety_br,total_cost_br
24330643.817359075,1422186.2438689072,1881130.3102380617,27633960.37146605,23304220.304417875,1422186.2438689072,1881130.3102380617,26607536.85852486
