lifecycle_infrastructure_el,environmental_restoration_el,safety_el,total_cost_el,lifecycle_infrastructure_br,environmental_restoration_br,safety_br,total_cost_br
33832568.89479402,933516.8185767626,4433124.734007235,39199210.447378,45062913.36146136,933516.8185767626,4433124.734007235,50429554.914045356
