lifecycle_infrastructure_el,environmental_restoration_el,safety_el,total_cost_el,lifecycle_infrastructure_br,environmental_restoration_br,safety_br,total_cost_br
18844097.43326355,1449719.1394100604,3436264.687322853,23730081.25999647,1278729.4373249996,0.0,2060870.1548291475,3339599.5921541485
