lifecycle_infrastructure_el,environmental_restoration_el,safety_el,total_cost_el,lifecycle_infrastructure_br,environmental_restoration_br,safety_br,total_cost_br
34858665.350548565,2968567.362955318,2822655.341416154,40649888.05492003,9241415.603249146,2968567.362955318,2822655.341416154,15032638.307620618
