lifecycle_infrastructure_el,environmental_restoration_el,safety_el,total_cost_el,lifecycle_infrastructure_br,environmental_restoration_br,safety_br,total_cost_br
32592679.469302468,933516.8185767626,4433124.734007235,37959321.02188647,5739261.083674303,933516.8185767626,4433124.734007235,11105902.636258302
