lifecycle_infrastructure_el,environmental_restoration_el,safety_el,total_cost_el,lifecycle_infrastructure_br,environmental_restoration_br,safety_br,total_cost_br
24816811.086856037,2155996.308034551,4744134.908602709,31716942.30349331,7393291.48451721,2155996.308034551,2643807.0393873216,12193094.831939083
