lifecycle_infrastructure_el,environmental_restoration_el,safety_el,total_cost_el,lifecycle_infrastructure_br,environmental_restoration_br,safety_br,total_cost_br
29055390.276004463,1123555.5432704994,978491.2721351889,31157437.09141016,4479105.060543488,1123555.5432704994,978491.2721351889,6581151.875949178
