lifecycle_infrastructure_el,environmental_restoration_el,safety_el,total_cost_el,lifecycle_infrastructure_br,environmental_restoration_br,safety_br,total_cost_br
33832568.89479402,933516.8185767626,4433124.734007235,39199210.447378,60829650.94470446,933516.8185767626,4433124.734007235,66196292.49728846
