lifecycle_infrastructure_el,environmental_restoration_el,safety_el,total_cost_el,lifecycle_infrastructure_br,environmental_restoration_br,safety_br,total_cost_br
13569323.722286867,314891.72427828045,1588145.632423613,15472361.078988763,31832365.94549308,314891.72427828045,1588145.632423613,33735403.302194975
