lifecycle_infrastructure_el,environmental_restoration_el,safety_el,total_cost_el,lifecycle_infrastructure_br,environmental_restoration_br,safety_br,total_cost_br
1389941.4225771385,0.0,166163.99912138825,1556105.4216985267,5464067.835117124,314891.72427828045,1588145.632423613,7367105.191819017
