lifecycle_infrastructure_el,environmental_restoration_el,safety_el,total_cost_el,lifecycle_infrastructure_br,environmental_restoration_br,safety_br,total_cost_br
13692982.438407296,856715.4178531081,2294161.760884964,16843859.617145367,1976700.4498948683,856715.4178531081,1515863.3571560173,4349279.224903994
