lifecycle_infrastructure_el,environmental_restoration_el,safety_el,total_cost_el,lifecycle_infrastructure_br,environmental_restoration_br,safety_br,total_cost_br
30695716.055912554,2539788.0910745114,3847471.4055356295,37082975.55252268,838321.0367576593,0.0,1515863.3571560173,2354184.393913676
