lifecycle_infrastructure_el,environmental_restoration_el,safety_el,total_cost_el,lifecycle_infrastructure_br,environmental_restoration_br,safety_br,total_cost_br
13295604.423980705,314891.72427828045,1588145.632423613,15198641.780682595,848091.1749114472,0.0,166163.99912138825,1014255.1740328352
