lifecycle_infrastructure_el,environmental_restoration_el,safety_el,total_cost_el,lifecycle_infrastructure_br,environmental_restoration_br,safety_br,total_cost_br
29705389.409184854,2130287.2178931697,3169752.667617979,35005429.294696,12582748.973096998,2130287.2178931697,1279102.6819391868,15992138.87292936
