lifecycle_infrastructure_el,environmental_restoration_el,safety_el,total_cost_el,lifecycle_infrastructure_br,environmental_restoration_br,safety_br,total_cost_br
24816811.086856037,1422186.2438689072,1881130.3102380617,28120127.640963025,3068718.3044355977,1422186.2438689072,1881130.3102380617,6372034.858542566
