lifecycle_infrastructure_el,environmental_restoration_el,safety_el,total_cost_el,lifecycle_infrastructure_br,environmental_restoration_br,safety_br,total_cost_br
14943288.29910357,1011918.0748210275,2599407.6645568265,18554614.038481414,957410.0448405708,0.0,1666342.152664856,2623752.1975054275
