lifecycle_infrastructure_el,environmental_restoration_el,safety_el,total_cost_el,lifecycle_infrastructure_br,environmental_restoration_br,safety_br,total_cost_br
32539965.49060334,2299317.083140324,2149962.5060106334,36989245.07975429,13873706.77137449,2299317.083140324,2149962.5060106334,18322986.36052544
