lifecycle_infrastructure_el,environmental_restoration_el,safety_el,total_cost_el,lifecycle_infrastructure_br,environmental_restoration_br,safety_br,total_cost_br
1547044.3701049367,0.0,1516317.3275353492,3063361.697640285,30220042.421278335,1675351.5170724292,3847471.4055356295,35742865.343886405
