lifecycle_infrastructure_el,environmental_restoration_el,safety_el,total_cost_el,lifecycle_infrastructure_br,environmental_restoration_br,safety_br,total_cost_br
1547044.3701049367,0.0,1516317.3275353492,3063361.697640285,30834482.914680533,2539788.0910745114,1515863.3571560173,34890134.36291107
