lifecycle_infrastructure_el,environmental_restoration_el,safety_el,total_cost_el,lifecycle_infrastructure_br,environmental_restoration_br,safety_br,total_cost_br
13692982.438407296,565125.6811714207,2294161.760884964,16552269.880463678,1976700.4498948683,565125.6811714207,2294161.760884964,4835987.891951253
