lifecycle_infrastructure_el,environmental_restoration_el,safety_el,total_cost_el,lifecycle_infrastructure_br,environmental_restoration_br,safety_br,total_cost_br
33219015.21400434,3485703.2007041825,5422118.883226757,42126837.29793529,9546464.498854574,3485703.2007041825,2060870.1548291475,15093037.854387911
