lifecycle_infrastructure_el,environmental_restoration_el,safety_el,total_cost_el,lifecycle_infrastructure_br,environmental_restoration_br,safety_br,total_cost_br
18844097.43326355,956295.9870845096,1362537.487203879,21162930.907551944,8140248.174141718,956295.9870845096,1362537.487203879,10459081.648430107
