lifecycle_infrastructure_el,environmental_restoration_el,safety_el,total_cost_el,lifecycle_infrastructure_br,environmental_restoration_br,safety_br,total_cost_br
1212110.9920903519,0.0,1279479.294946756,2491590.2870371086,10675216.516905427,629499.3714905349,1279102.6819391868,12583818.570335144
