lifecycle_infrastructure_el,environmental_restoration_el,safety_el,total_cost_el,lifecycle_infrastructure_br,environmental_restoration_br,safety_br,total_cost_br
6007596.900432294,159593.83289782127,382097.58801369445,6549288.32134381,990389.9506782558,159593.83289782127,382097.58801369445,1532081.3715897717
