lifecycle_infrastructure_el,environmental_restoration_el,safety_el,total_cost_el,lifecycle_infrastructure_br,environmental_restoration_br,safety_br,total_cost_br
3262527.017651048,0.0,2644631.292443228,5907158.3100942755,23304220.304417875,2155996.308034551,2643807.0393873216,28104023.651839763
