lifecycle_infrastructure_el,environmental_restoration_el,safety_el,total_cost_el,lifecycle_infrastructure_br,environmental_restoration_br,safety_br,total_cost_br
36320062.84424356,4003428.9457862265,3865806.0287493463,44189297.81877914,34648426.845251024,4003428.9457862265,3865806.0287493463,42517661.8197866
