lifecycle_infrastructure_el,environmental_restoration_el,safety_el,total_cost_el,lifecycle_infrastructure_br,environmental_restoration_br,safety_br,total_cost_br
30341683.51552207,2130287.2178931697,3169752.667617979,35641723.40103322,8521085.20095675,2130287.2178931697,1279102.6819391868,11930475.10078911
