lifecycle_infrastructure_el,environmental_restoration_el,safety_el,total_cost_el,lifecycle_infrastructure_br,environmental_restoration_br,safety_br,total_cost_br
30695716.055912554,1675351.5170724292,3847471.4055356295,36218538.9785206,13026514.396399094,1675351.5170724292,3847471.4055356295,18549337.319007143
