lifecycle_infrastructure_el,environmental_restoration_el,safety_el,total_cost_el,lifecycle_infrastructure_br,environmental_restoration_br,safety_br,total_cost_br
32152018.759191286,933516.8185767626,4433124.734007235,37518660.3117753,4549282.956228462,933516.8185767626,4433124.734007235,9915924.50881246
