lifecycle_infrastructure_el,environmental_restoration_el,safety_el,total_cost_el,lifecycle_infrastructure_br,environmental_restoration_br,safety_br,total_cost_br
11213874.578756249,629499.3714905349,1833699.3212373625,13677073.271484151,1591476.6376161084,629499.3714905349,1279102.6819391868,3500078.691045831
