lifecycle_infrastructure_el,environmental_restoration_el,safety_el,total_cost_el,lifecycle_infrastructure_br,environmental_restoration_br,safety_br,total_cost_br
2360520.0695818258,0.0,2061502.8061295587,4422022.875711386,31769909.991978507,3485703.2007041825,2060870.1548291475,37316483.34751183
