lifecycle_infrastructure_el,environmental_restoration_el,safety_el,total_cost_el,lifecycle_infrastructure_br,environmental_restoration_br,safety_br,total_cost_br
1766989.1240525753,0.0,1666845.3907954434,3433834.5148480176,30699410.957639333,2800588.4459232166,1666342.152664856,35166341.55622739
