lifecycle_infrastructure_el,environmental_restoration_el,safety_el,total_cost_el,lifecycle_infrastructure_br,environmental_restoration_br,safety_br,total_cost_br
31252970.676590875,2800588.4459232166,4280601.766011602,38334160.88852569,30699410.957639333,2800588.4459232166,1666342.152664856,35166341.55622739
