lifecycle_infrastructure_el,environmental_restoration_el,safety_el,total_cost_el,lifecycle_infrastructure_br,environmental_restoration_br,safety_br,total_cost_br
15248458.626727514,1011918.0748210275,2599407.6645568265,18859784.36610536,2223353.425780777,1011918.0748210275,1666342.152664856,4901613.653266661
