lifecycle_infrastructure_el,environmental_restoration_el,safety_el,total_cost_el,lifecycle_infrastructure_br,environmental_restoration_br,safety_br,total_cost_br
1547044.3701049367,0.0,1516317.3275353492,3063361.697640285,12998311.64389796,856715.4178531081,1515863.3571560173,15370890.418907085
