lifecycle_infrastructure_el,environmental_restoration_el,safety_el,total_cost_el,lifecycle_infrastructure_br,environmental_restoration_br,safety_br,total_cost_br
5832727.178596543,314891.72427828045,1588145.632423613,7735764.535298433,73684631.54808608,314891.72427828045,1588145.632423613,75587668.90478797
