lifecycle_infrastructure_el,environmental_restoration_el,safety_el,total_cost_el,lifecycle_infrastructure_br,environmental_restoration_br,safety_br,total_cost_br
32486124.246000532,2539788.0910745114,3847471.4055356295,38873383.74261064,13640954.889801282,2539788.0910745114,1515863.3571560173,17696606.338031802
