lifecycle_infrastructure_el,environmental_restoration_el,safety_el,total_cost_el,lifecycle_infrastructure_br,environmental_restoration_br,safety_br,total_cost_br
13569323.722286867,314891.72427828045,1588145.632423613,15472361.078988763,1937593.6239400469,314891.72427828045,1588145.632423613,3840630.98064194
