lifecycle_infrastructure_el,environmental_restoration_el,safety_el,total_cost_el,lifecycle_infrastructure_br,environmental_restoration_br,safety_br,total_cost_br
13417867.171679765,565125.6811714207,2294161.760884964,16277154.613736153,5791744.399701762,565125.6811714207,2294161.760884964,8651031.841758147
