lifecycle_infrastructure_el,environmental_restoration_el,safety_el,total_cost_el,lifecycle_infrastructure_br,environmental_restoration_br,safety_br,total_cost_br
13295604.423980705,314891.72427828045,1588145.632423613,15198641.780682595,5733279.575394522,314891.72427828045,1588145.632423613,7636316.932096416
