lifecycle_infrastructure_el,environmental_restoration_el,safety_el,total_cost_el,lifecycle_infrastructure_br,environmental_restoration_br,safety_br,total_cost_br
31833568.821472183,2539788.0910745114,3847471.4055356295,38220828.31808231,13640954.889801282,2539788.0910745114,1515863.3571560173,17696606.338031802
