lifecycle_infrastructure_el,environmental_restoration_el,safety_el,total_cost_el,lifecycle_infrastructure_br,environmental_restoration_br,safety_br,total_cost_br
15387882.115684617,933516.8185767626,4433124.734007235,20754523.66826861,45649993.317722276,933516.8185767626,4433124.734007235,51016634.87030627
