lifecycle_infrastructure_el,environmental_restoration_el,safety_el,total_cost_el,lifecycle_infrastructure_br,environmental_restoration_br,safety_br,total_cost_br
32539965.49060334,3485703.2007041825,5422118.883226757,41447787.5745343,31769909.991978507,3485703.2007041825,2060870.1548291475,37316483.34751183
