lifecycle_infrastructure_el,environmental_restoration_el,safety_el,total_cost_el,lifecycle_infrastructure_br,environmental_restoration_br,safety_br,total_cost_br
31502774.48048435,933516.8185767626,4433124.734007235,36869416.03306835,13480751.636247491,933516.8185767626,4433124.734007235,18847393.188831493
