lifecycle_infrastructure_el,environmental_restoration_el,safety_el,total_cost_el,lifecycle_infrastructure_br,environmental_restoration_br,safety_br,total_cost_br
34858665.350548565,2968567.362955318,2822655.341416154,40649888.05492003,3306052.278783932,2968567.362955318,2822655.341416154,9097274.9831554
