lifecycle_infrastructure_el,environmental_restoration_el,safety_el,total_cost_el,lifecycle_infrastructure_br,environmental_restoration_br,safety_br,total_cost_br
1565090.8575167763,0.0,166163.99912138825,1731254.8566381643,73684631.54808608,314891.72427828045,1588145.632423613,75587668.90478797
