lifecycle_infrastructure_el,environmental_restoration_el,safety_el,total_cost_el,lifecycle_infrastructure_br,environmental_restoration_br,safety_br,total_cost_br
37039155.5536109,4003428.9457862265,3865806.0287493463,44908390.52814645,4021411.193104712,4003428.9457862265,3865806.0287493463,11890646.167640286
