lifecycle_infrastructure_el,environmental_restoration_el,safety_el,total_cost_el,lifecycle_infrastructure_br,environmental_restoration_br,safety_br,total_cost_br
33219015.21400434,2299317.083140324,2149962.5060106334,37668294.80315531,5533897.951484982,2299317.083140324,2149962.5060106334,9983177.540635938
