lifecycle_infrastructure_el,environmental_restoration_el,safety_el,total_cost_el,lifecycle_infrastructure_br,environmental_restoration_br,safety_br,total_cost_br
34858665.350548565,4500268.7251934055,7118623.131680653,46477557.20742262,10193676.182964643,4500268.7251934055,7118623.131680653,21812568.039838698
