lifecycle_infrastructure_el,environmental_restoration_el,safety_el,total_cost_el,lifecycle_infrastructure_br,environmental_restoration_br,safety_br,total_cost_br
3262527.017651048,0.0,2644631.292443228,5907158.3100942755,33047930.096136495,4500268.7251934055,2643807.0393873216,40192005.86071723
