lifecycle_infrastructure_el,environmental_restoration_el,safety_el,total_cost_el,lifecycle_infrastructure_br,environmental_restoration_br,safety_br,total_cost_br
13417867.171679765,565125.6811714207,909674.2205126099,14892667.07336379,5791744.399701762,565125.6811714207,909674.2205126099,7266544.301385789
