lifecycle_infrastructure_el,environmental_restoration_el,safety_el,total_cost_el,lifecycle_infrastructure_br,environmental_restoration_br,safety_br,total_cost_br
13258104.975982614,856715.4178531081,2294161.760884964,16408982.154720688,1769103.7633898787,856715.4178531081,1515863.3571560173,4141682.538399005
