lifecycle_infrastructure_el,environmental_restoration_el,safety_el,total_cost_el,lifecycle_infrastructure_br,environmental_restoration_br,safety_br,total_cost_br
14654647.593056757,933516.8185767626,4433124.734007235,20021289.145640757,3331595.2609552606,933516.8185767626,4433124.734007235,8698236.81353926
