lifecycle_infrastructure_el,environmental_restoration_el,safety_el,total_cost_el,lifecycle_infrastructure_br,environmental_restoration_br,safety_br,total_cost_br
30695716.055912554,2539788.0910745114,3847471.4055356295,37082975.55252268,30220042.421278335,2539788.0910745114,1515863.3571560173,34275693.86950888
