lifecycle_infrastructure_el,environmental_restoration_el,safety_el,total_cost_el,lifecycle_infrastructure_br,environmental_restoration_br,safety_br,total_cost_br
1253872.1112125223,0.0,1516317.3275353492,2770189.438747871,13312261.775697328,2539788.0910745114,1515863.3571560173,17367913.22392786
