strategy,,year 0,year 1,year 2,year 3,year 4,year 5,year 6,year 7,year 8,year 9,year 10,year 11,year 12,year 13,year 14,year 15,year 16,year 17,year 18,year 19,year 20,year 21,year 22,year 23,year 24,year 25,year 26,year 27,year 28,year 29,year 30,year 31,year 32,year 33,year 34,year 35,year 36,year 37,year 38,year 39
I_AN,Net benefit,36677.25265,30315879.24,32355456.48,34076348.6,35703896.57,37169365.34,38392531.72,39536653.67,40385537.22,41215774.15,42024640.24,42919673.89,43692584.32,44432399.07,45222059.32,45968809.6,46740540.08,47548242.02,48320937.85,49160176.91,49965058.91,50740038.5,51540890.58,52356877.38,53188336.13,54051452.7,54848440.88,55887221.4,56894773.21,57974590.18,59045024.26,60042982.52,60920779.87,61967885.59,62902680.54,63783246.66,64625389.14,65406012.04,66143008.6,66886012.21
,Underground proportion,0.33837619,0.615192901,0.628131876,0.638340806,0.647805421,0.655162209,0.66054432,0.664131014,0.665551723,0.666589492,0.668061154,0.669129906,0.669219015,0.669219015,0.669219015,0.669219015,0.669219015,0.669219015,0.669219015,0.669219015,0.669219015,0.669219015,0.669219015,0.669219015,0.669219015,0.669219015,0.669219015,0.669219015,0.669219015,0.669219015,0.669219015,0.669219015,0.669219015,0.669219015,0.669219015,0.669219015,0.669219015,0.669219015,0.669219015,0.669219015
