Strategy,aesthetic_benefit_el,economic_losses_el,aesthetic_benefit_br,economic_loss_br
S1,0.0,102494477.7645818,0.0,32379344.44460909
S2,0.0,102494477.7645818,428482.44425709936,29935446.895539388
S3,0.0,102494477.7645818,766942.4459958057,28376520.511703804
S4,428482.44425709936,94758496.46852615,0.0,32379344.44460909
S5,766942.4459958057,89823827.52061117,0.0,32379344.44460909
S6,428482.44425709936,94758496.46852615,428482.44425709936,29935446.895539388
S10,766942.4459958057,89823827.52061117,766942.4459958057,28376520.511703804
