Strategy,aesthetic_benefit_el,economic_losses_el,aesthetic_benefit_br,economic_loss_br
S1,0.0,58766627.38222259,0.0,18565145.277656365
S2,0.0,58766627.38222259,254367.1931646241,15900072.72378806
S3,0.0,58766627.38222259,718271.8722858336,13084582.610694949
S4,254367.1931646241,50330532.57243619,0.0,18565145.277656365
S5,718271.8722858336,41418301.83575538,0.0,18565145.277656365
S6,254367.1931646241,50330532.57243619,254367.1931646241,15900072.72378806
S10,718271.8722858336,41418301.83575538,718271.8722858336,13084582.610694949
