Strategy,aesthetic_benefit_el,economic_losses_el,aesthetic_benefit_br,economic_loss_br
S1,0.0,56874379.1524683,0.0,27064766.554018144
S2,0.0,56778227.60074622,254367.1931646241,26564210.020975377
S3,0.0,56778227.60074622,718271.8722858336,25494639.18468129
S4,254367.1931646241,55646560.534125954,0.0,27104438.22812729
S5,718271.8722858336,53406029.44961869,0.0,27104438.22812729
S6,254367.1931646241,55646560.534125954,254367.1931646241,26564210.020975377
S10,718271.8722858336,53406029.44961869,718271.8722858336,25494639.18468129
