Strategy,aesthetic_benefit_el,economic_losses_el,aesthetic_benefit_br,economic_loss_br
S1,0.0,109978276.58928859,0.0,36608850.981575646
S2,0.0,124368846.1869527,254367.1931646241,27454377.48227241
S3,0.0,124368846.1869527,718271.8722858336,14863531.290305771
S4,254367.1931646241,84635928.78404847,0.0,40343023.33898185
S5,718271.8722858336,45821063.565476686,0.0,40343023.33898185
S6,254367.1931646241,84635928.78404847,254367.1931646241,27454377.48227241
S10,718271.8722858336,45821063.565476686,718271.8722858336,14863531.290305771
