Strategy,aesthetic_benefit_el,economic_losses_el,aesthetic_benefit_br,economic_loss_br
S1,0.0,70409311.75506635,0.0,33480448.086712223
S2,0.0,71282886.14512578,428482.44425709936,21353628.012687095
S3,0.0,71282886.14512578,766942.4459958057,7307369.500366189
S4,428482.44425709936,44731462.102315135,0.0,34028582.185221285
S5,766942.4459958057,15307437.297261,0.0,34028582.185221285
S6,428482.44425709936,44731462.102315135,428482.44425709936,21353628.012687095
S10,766942.4459958057,15307437.297261,766942.4459958057,7307369.500366189
