Strategy,aesthetic_benefit_el,economic_losses_el,aesthetic_benefit_br,economic_loss_br
S1,0.0,53186987.97145108,0.0,17259211.62904926
S2,0.0,57204002.688713916,254367.1931646241,12629013.641845306
S3,0.0,57204002.688713916,718271.8722858336,6837224.3935406525
S4,254367.1931646241,36150543.41946782,0.0,18557790.735931646
S5,718271.8722858336,17543499.64856996,0.0,18557790.735931646
S6,254367.1931646241,36150543.41946782,254367.1931646241,12629013.641845306
S10,718271.8722858336,17543499.64856996,718271.8722858336,6837224.3935406525
