Strategy,aesthetic_benefit_el,economic_losses_el,aesthetic_benefit_br,economic_loss_br
S1,0.0,42777776.10345405,0.0,20332116.05993014
S2,0.0,42859429.13041152,254367.1931646241,16138142.863231556
S3,0.0,42859429.13041152,718271.8722858336,7581576.172878867
S4,254367.1931646241,33806092.59744943,0.0,20459968.520446926
S5,718271.8722858336,15881843.921391347,0.0,20459968.520446926
S6,254367.1931646241,33806092.59744943,254367.1931646241,16138142.863231556
S10,718271.8722858336,15881843.921391347,718271.8722858336,7581576.172878867
