Strategy,aesthetic_benefit_el,economic_losses_el,aesthetic_benefit_br,economic_loss_br
S1,0.0,133735405.99302565,0.0,43381367.36522089
S2,0.0,133735405.99302565,547432.7364060661,23469321.112702735
S3,0.0,133735405.99302565,788899.7734471611,14253579.920116937
S4,547432.7364060661,72350858.85984053,0.0,43381367.36522089
S5,788899.7734471611,43940714.94848951,0.0,43381367.36522089
S6,547432.7364060661,72350858.85984053,547432.7364060661,23469321.112702735
S10,788899.7734471611,43940714.94848951,788899.7734471611,14253579.920116937
