Strategy,aesthetic_benefit_el,economic_losses_el,aesthetic_benefit_br,economic_loss_br
S1,0.0,23549583.115619116,0.0,11339266.4921918
S2,0.0,23981859.76276014,122818.741783343,10603464.666879764
S3,0.0,23981859.76276014,640513.6471943994,7022698.631228175
S4,122818.741783343,22212079.25969128,0.0,11448311.509582961
S5,640513.6471943994,14711110.331795713,0.0,11448311.509582961
S6,122818.741783343,22212079.25969128,122818.741783343,10603464.666879764
S10,640513.6471943994,14711110.331795713,640513.6471943994,7022698.631228175
