Strategy,aesthetic_benefit_el,economic_losses_el,aesthetic_benefit_br,economic_loss_br
S1,0.0,62888836.88268304,0.0,20400010.87013115
S2,0.0,62888836.88268304,279596.0426463537,13541897.088267168
S3,0.0,62888836.88268304,727376.2509011868,7394809.79480129
S4,279596.0426463537,41746750.16046395,0.0,20400010.87013115
S5,727376.2509011868,22796604.860864732,0.0,20400010.87013115
S6,279596.0426463537,41746750.16046395,279596.0426463537,13541897.088267168
S10,727376.2509011868,22796604.860864732,727376.2509011868,7394809.79480129
