Strategy,aesthetic_benefit_el,economic_losses_el,aesthetic_benefit_br,economic_loss_br
S1,0.0,91907596.36613211,0.0,43832079.92632283
S2,0.0,92090613.89142983,428482.44425709936,39736661.51040387
S3,0.0,92090613.89142983,766942.4459958057,35054575.339630246
S4,428482.44425709936,83240139.21049295,0.0,43961646.23458193
S5,766942.4459958057,73432130.94214156,0.0,43961646.23458193
S6,428482.44425709936,83240139.21049295,428482.44425709936,39736661.51040387
S10,766942.4459958057,73432130.94214156,766942.4459958057,35054575.339630246
