Strategy,aesthetic_benefit_el,economic_losses_el,aesthetic_benefit_br,economic_loss_br
S1,0.0,132624796.91993654,0.0,63287050.32509631
S2,0.0,132726852.29309128,547432.7364060661,61155438.758032024
S3,0.0,132726852.29309128,788899.7734471611,59299697.608544596
S4,547432.7364060661,128108075.57057962,0.0,63360321.75024406
S5,788899.7734471611,124220679.25316304,0.0,63360321.75024406
S6,547432.7364060661,128108075.57057962,547432.7364060661,61155438.758032024
S10,788899.7734471611,124220679.25316304,788899.7734471611,59299697.608544596
