Strategy,aesthetic_benefit_el,economic_losses_el,aesthetic_benefit_br,economic_loss_br
S1,0.0,102494477.7645818,0.0,48928178.25926226
S2,0.0,102494477.7645818,428482.44425709936,43388746.085173026
S3,0.0,102494477.7645818,766942.4459958057,39855223.58913277
S4,428482.44425709936,90890505.82049824,0.0,48928178.25926226
S5,766942.4459958057,83488502.39862575,0.0,48928178.25926226
S6,428482.44425709936,90890505.82049824,428482.44425709936,43388746.085173026
S10,766942.4459958057,83488502.39862575,766942.4459958057,39855223.58913277
