Strategy,aesthetic_benefit_el,economic_losses_el,aesthetic_benefit_br,economic_loss_br
S1,0.0,77778580.34508173,0.0,25229976.624674123
S2,0.0,77778580.34508173,342654.2825708126,15815734.474915227
S3,0.0,77778580.34508173,746492.3041034972,8847796.040691506
S4,342654.2825708126,48756500.76388296,0.0,25229976.624674123
S5,746492.3041034972,27275848.307953354,0.0,25229976.624674123
S6,342654.2825708126,48756500.76388296,342654.2825708126,15815734.474915227
S10,746492.3041034972,27275848.307953354,746492.3041034972,8847796.040691506
