Strategy,aesthetic_benefit_el,economic_losses_el,aesthetic_benefit_br,economic_loss_br
S1,0.0,58766627.38222259,0.0,24563624.12799089
S2,0.0,58766627.38222259,254367.1931646241,20332221.280904114
S3,0.0,58766627.38222259,718271.8722858336,15861996.684881505
S4,254367.1931646241,48643313.61047893,0.0,24563624.12799089
S5,718271.8722858336,37948636.726461925,0.0,24563624.12799089
S6,254367.1931646241,48643313.61047893,254367.1931646241,20332221.280904114
S10,718271.8722858336,37948636.726461925,718271.8722858336,15861996.684881505
