Strategy,aesthetic_benefit_el,economic_losses_el,aesthetic_benefit_br,economic_loss_br
S1,0.0,80616908.59198774,0.0,38697219.58299978
S2,0.0,80336948.25244263,428482.44425709936,30545144.761545476
S3,0.0,80336948.25244263,766942.4459958057,21180972.419998206
S4,428482.44425709936,62928491.52493452,0.0,38995114.20990161
S5,766942.4459958057,43636612.424890324,0.0,38995114.20990161
S6,428482.44425709936,62928491.52493452,428482.44425709936,30545144.761545476
S10,766942.4459958057,43636612.424890324,766942.4459958057,21180972.419998206
