Strategy,aesthetic_benefit_el,economic_losses_el,aesthetic_benefit_br,economic_loss_br
S1,0.0,53958616.0980432,0.0,22413975.54210096
S2,0.0,53958616.0980432,254367.1931646241,20330577.923419308
S3,0.0,53958616.0980432,718271.8722858336,18039922.24849236
S4,0.0,53958616.0980432,0.0,22413975.54210096
S5,0.0,53958616.0980432,0.0,22413975.54210096
S6,0.0,53958616.0980432,254367.1931646241,20330577.923419308
S10,0.0,53958616.0980432,718271.8722858336,18039922.24849236
