Strategy,aesthetic_benefit_el,economic_losses_el,aesthetic_benefit_br,economic_loss_br
S1,0.0,60613232.05919116,0.0,17929276.864842534
S2,0.0,58743347.11122876,254367.1931646241,12629013.641845306
S3,0.0,58743347.11122876,718271.8722858336,6837224.3935406525
S4,254367.1931646241,39976231.1468978,0.0,18557790.735931646
S5,718271.8722858336,21642740.32088636,0.0,18557790.735931646
S6,254367.1931646241,39976231.1468978,254367.1931646241,12629013.641845306
S10,718271.8722858336,21642740.32088636,718271.8722858336,6837224.3935406525
