Strategy,aesthetic_benefit_el,economic_losses_el,aesthetic_benefit_br,economic_loss_br
S1,0.0,81860234.66365528,0.0,38585036.40805736
S2,0.0,81686750.01827781,257089.4665542597,30545144.761545476
S3,0.0,81686750.01827781,460165.4675974833,21180972.419998206
S4,257089.4665542597,63985800.656404026,0.0,38995114.20990161
S5,460165.4675974833,44369784.11970127,0.0,38995114.20990161
S6,257089.4665542597,63985800.656404026,257089.4665542597,30545144.761545476
S10,460165.4675974833,44369784.11970127,460165.4675974833,21180972.419998206
