Strategy,aesthetic_benefit_el,economic_losses_el,aesthetic_benefit_br,economic_loss_br
S1,0.0,102494477.7645818,0.0,63243729.69024362
S2,0.0,102494477.7645818,428482.44425709936,46536653.150461674
S3,0.0,102494477.7645818,766942.4459958057,35879454.19196156
S4,428482.44425709936,75418543.22838688,0.0,63243729.69024362
S5,766942.4459958057,58147201.910684295,0.0,63243729.69024362
S6,428482.44425709936,75418543.22838688,428482.44425709936,46536653.150461674
S10,766942.4459958057,58147201.910684295,766942.4459958057,35879454.19196156
