Strategy,aesthetic_benefit_el,economic_losses_el,aesthetic_benefit_br,economic_loss_br
S1,0.0,79600729.12524751,0.0,36504575.43297905
S2,0.0,78218795.39389376,428482.44425709936,27481305.84525935
S3,0.0,78218795.39389376,766942.4459958057,16556438.1134542
S4,428482.44425709936,57567687.80504107,0.0,37339603.53500816
S5,766942.4459958057,34682335.17888786,0.0,37339603.53500816
S6,428482.44425709936,57567687.80504107,428482.44425709936,27481305.84525935
S10,766942.4459958057,34682335.17888786,766942.4459958057,16556438.1134542
