Strategy,aesthetic_benefit_el,economic_losses_el,aesthetic_benefit_br,economic_loss_br
S1,0.0,79069667.59057482,0.0,37282780.384915635
S2,0.0,79527067.19294147,428482.44425709936,29599694.596702598
S3,0.0,79527067.19294147,766942.4459958057,20525367.28136318
S4,428482.44425709936,62294106.04605279,0.0,37788115.93094
S5,766942.4459958057,43196709.40800375,0.0,37788115.93094
S6,428482.44425709936,62294106.04605279,428482.44425709936,29599694.596702598
S10,766942.4459958057,43196709.40800375,766942.4459958057,20525367.28136318
