Strategy,aesthetic_benefit_el,economic_losses_el,aesthetic_benefit_br,economic_loss_br
S1,0.0,102494477.7645818,0.0,63243729.69024362
S2,0.0,102494477.7645818,428482.44425709936,51310103.590399355
S3,0.0,102494477.7645818,766942.4459958057,43697818.62004215
S4,428482.44425709936,83154524.52444254,0.0,63243729.69024362
S5,766942.4459958057,70817852.15465504,0.0,63243729.69024362
S6,428482.44425709936,83154524.52444254,428482.44425709936,51310103.590399355
S10,766942.4459958057,70817852.15465504,766942.4459958057,43697818.62004215
