Strategy,aesthetic_benefit_el,economic_losses_el,aesthetic_benefit_br,economic_loss_br
S1,0.0,95131554.80974856,0.0,45530434.69273077
S2,0.0,95558568.51581381,428482.44425709936,42800500.42669
S3,0.0,95558568.51581381,766942.4459958057,39679109.64617424
S4,428482.44425709936,89658252.0618559,0.0,45617156.909475364
S5,766942.4459958057,83119579.88295496,0.0,45617156.909475364
S6,428482.44425709936,89658252.0618559,428482.44425709936,42800500.42669
S10,766942.4459958057,83119579.88295496,766942.4459958057,39679109.64617424
