Strategy,aesthetic_benefit_el,economic_losses_el,aesthetic_benefit_br,economic_loss_br
S1,0.0,81708282.64026192,0.0,38440716.85471695
S2,0.0,83036551.784113,428482.44425709936,30545144.761545476
S3,0.0,83036551.784113,766942.4459958057,21180972.419998206
S4,428482.44425709936,65043109.78787352,0.0,38995114.20990161
S5,766942.4459958057,45102955.814512216,0.0,38995114.20990161
S6,428482.44425709936,65043109.78787352,428482.44425709936,30545144.761545476
S10,766942.4459958057,45102955.814512216,766942.4459958057,21180972.419998206
