Strategy,aesthetic_benefit_el,economic_losses_el,aesthetic_benefit_br,economic_loss_br
S1,0.0,54830821.606556065,0.0,17144272.382863384
S2,0.0,57198336.13142961,254367.1931646241,12629013.641845306
S3,0.0,57198336.13142961,718271.8722858336,6837224.3935406525
S4,254367.1931646241,33368559.59827333,0.0,18557790.735931646
S5,718271.8722858336,14009310.05702065,0.0,18557790.735931646
S6,254367.1931646241,33368559.59827333,254367.1931646241,12629013.641845306
S10,718271.8722858336,14009310.05702065,718271.8722858336,6837224.3935406525
