Strategy,aesthetic_benefit_el,economic_losses_el,aesthetic_benefit_br,economic_loss_br
S1,0.0,24612984.478214286,0.0,11857930.267856441
S2,0.0,24999993.076265495,122818.741783343,11230302.642073957
S3,0.0,24999993.076265495,640513.6471943994,8246330.945697631
S4,122818.741783343,23525175.990374774,0.0,11934341.677659951
S5,640513.6471943994,17274368.5504618,0.0,11934341.677659951
S6,122818.741783343,23525175.990374774,122818.741783343,11230302.642073957
S10,640513.6471943994,17274368.5504618,640513.6471943994,8246330.945697631
