Strategy,aesthetic_benefit_el,economic_losses_el,aesthetic_benefit_br,economic_loss_br
S1,0.0,84756889.02326605,0.0,38882391.68864523
S2,0.0,84386353.54994817,428482.44425709936,30545144.761545476
S3,0.0,84386353.54994817,766942.4459958057,21180972.419998206
S4,428482.44425709936,66100418.91934308,0.0,38995114.20990161
S5,766942.4459958057,45836127.50932317,0.0,38995114.20990161
S6,428482.44425709936,66100418.91934308,428482.44425709936,30545144.761545476
S10,766942.4459958057,45836127.50932317,766942.4459958057,21180972.419998206
