Strategy,aesthetic_benefit_el,economic_losses_el,aesthetic_benefit_br,economic_loss_br
S1,0.0,81582919.84315231,0.0,139576119.8496598
S2,0.0,81686750.01827781,428482.44425709936,110670814.35342567
S3,0.0,81686750.01827781,766942.4459958057,76742653.69564572
S4,428482.44425709936,63985800.656404026,0.0,141286645.68804932
S5,766942.4459958057,44369784.11970127,0.0,141286645.68804932
S6,428482.44425709936,63985800.656404026,428482.44425709936,110670814.35342567
S10,766942.4459958057,44369784.11970127,766942.4459958057,76742653.69564572
