Strategy,aesthetic_benefit_el,economic_losses_el,aesthetic_benefit_br,economic_loss_br
S1,0,1.90E+09,0,1.20E+09
S2,0,1.90E+09,1903.175339,9.43E+08
S3,0,1.90E+09,5374.110149,4.37E+08
S4,254367.1932,1.49E+09,0,1.20E+09
S5,718271.8723,6.92E+08,0,1.20E+09
S6,254367.1932,1.49E+09,1903.175339,9.43E+08
S10,718271.8723,6.92E+08,5374.110149,4.37E+08
