Strategy,aesthetic_benefit_el,economic_losses_el,aesthetic_benefit_br,economic_loss_br
S1,0.0,113957423.66599874,0.0,53794879.7972325
S2,0.0,114134229.36365251,547432.7364060661,43460275.74213072
S3,0.0,114134229.36365251,788899.7734471611,34181569.99469348
S4,547432.7364060661,91040345.75109433,0.0,54484690.7031909
S5,788899.7734471611,71603364.16401117,0.0,54484690.7031909
S6,547432.7364060661,91040345.75109433,547432.7364060661,43460275.74213072
S10,788899.7734471611,71603364.16401117,788899.7734471611,34181569.99469348
