Strategy,aesthetic_benefit_el,economic_losses_el,aesthetic_benefit_br,economic_loss_br
S1,0.0,102494477.7645818,0.0,48928178.25926226
S2,0.0,102494477.7645818,428482.44425709936,47081700.867899165
S3,0.0,102494477.7645818,766942.4459958057,45903860.03588575
S4,428482.44425709936,98626487.11655398,0.0,48928178.25926226
S5,766942.4459958057,96159152.64259648,0.0,48928178.25926226
S6,428482.44425709936,98626487.11655398,428482.44425709936,47081700.867899165
S10,766942.4459958057,96159152.64259648,766942.4459958057,45903860.03588575
