Strategy,aesthetic_benefit_el,economic_losses_el,aesthetic_benefit_br,economic_loss_br
S1,0.0,102494477.7645818,0.0,48928178.25926226
S2,0.0,102494477.7645818,428482.44425709936,36002836.519720696
S3,0.0,102494477.7645818,766942.4459958057,27757950.695626765
S4,428482.44425709936,75418543.22838688,0.0,48928178.25926226
S5,766942.4459958057,58147201.910684295,0.0,48928178.25926226
S6,428482.44425709936,75418543.22838688,428482.44425709936,36002836.519720696
S10,766942.4459958057,58147201.910684295,766942.4459958057,27757950.695626765
