Strategy,aesthetic_benefit_el,economic_losses_el,aesthetic_benefit_br,economic_loss_br
S1,0.0,61544925.171863765,0.0,17416711.433144215
S2,0.0,57209669.245998204,254367.1931646241,12038327.365516761
S3,0.0,57209669.245998204,718271.8722858336,6517432.624208689
S4,254367.1931646241,38932527.240662314,0.0,17689802.73484416
S5,718271.8722858336,21077689.240119267,0.0,17689802.73484416
S6,254367.1931646241,38932527.240662314,254367.1931646241,12038327.365516761
S10,718271.8722858336,21077689.240119267,718271.8722858336,6517432.624208689
