Strategy,aesthetic_benefit_el,economic_losses_el,aesthetic_benefit_br,economic_loss_br
S1,0.0,81134367.3821193,0.0,38005163.20416994
S2,0.0,81686750.01827781,428482.44425709936,30072419.679124027
S3,0.0,81686750.01827781,766942.4459958057,20853169.850680705
S4,428482.44425709936,63985800.656404026,0.0,38391615.07042081
S5,766942.4459958057,44369784.11970127,0.0,38391615.07042081
S6,428482.44425709936,63985800.656404026,428482.44425709936,30072419.679124027
S10,766942.4459958057,44369784.11970127,766942.4459958057,20853169.850680705
