Strategy,aesthetic_benefit_el,economic_losses_el,aesthetic_benefit_br,economic_loss_br
S1,0.0,4019724278.9376836,0.0,1286716905.7798715
S2,0.0,4086176118.860905,254367.1931646241,1010648883.0051553
S3,0.0,4086176118.860905,718271.8722858336,468295453.3834926
S4,254367.1931646241,3209477789.3557963,0.0,1286716905.7798715
S5,718271.8722858336,1487147397.8396084,0.0,1286716905.7798715
S6,254367.1931646241,3209477789.3557963,254367.1931646241,1010648883.0051553
S10,718271.8722858336,1487147397.8396084,718271.8722858336,468295453.3834926
