Strategy,aesthetic_benefit_el,economic_losses_el,aesthetic_benefit_br,economic_loss_br
S1,0.0,102494477.7645818,0.0,48928178.25926226
S2,0.0,102494477.7645818,428482.44425709936,41542268.69380993
S3,0.0,102494477.7645818,766942.4459958057,36830905.36575626
S4,428482.44425709936,87022515.17247038,0.0,48928178.25926226
S5,766942.4459958057,77153177.27664037,0.0,48928178.25926226
S6,428482.44425709936,87022515.17247038,428482.44425709936,41542268.69380993
S10,766942.4459958057,77153177.27664037,766942.4459958057,36830905.36575626
