Strategy,aesthetic_benefit_el,economic_losses_el,aesthetic_benefit_br,economic_loss_br
S1,0.0,56588827.82800533,0.0,16364668.679569889
S2,0.0,57198336.13142961,254367.1931646241,10824162.319860563
S3,0.0,57198336.13142961,718271.8722858336,4544368.947057975
S4,254367.1931646241,33368559.59827333,0.0,18554114.476807576
S5,718271.8722858336,14009310.05702065,0.0,18554114.476807576
S6,254367.1931646241,33368559.59827333,254367.1931646241,10824162.319860563
S10,718271.8722858336,14009310.05702065,718271.8722858336,4544368.947057975
