Strategy,aesthetic_benefit_el,economic_losses_el,aesthetic_benefit_br,economic_loss_br
I_NN,0,1.19E+09,0,2.62E+06
I_NC,0,1.19E+09,1020.823948,1.91E+06
I_NA,0,1.19E+09,2220.392903,1.25E+06
I_CN,1020.823948,8.65E+08,0,2.62E+06
I_AN,2220.392903,5.67E+08,0,2.62E+06
J_CC,1020.823948,8.65E+08,1020.823948,1.91E+06
I_CC,1020.823948,8.65E+08,1020.823948,1.91E+06
J_AA,2220.392903,5.67E+08,2220.392903,1.25E+06
I_AA,2220.392903,5.67E+08,2220.392903,1.25E+06
