Strategy,aesthetic_benefit_el,economic_losses_el,aesthetic_benefit_br,economic_loss_br
S1,0.0,99063870.13324018,0.0,47259687.82540098
S2,0.0,99026523.14019789,428482.44425709936,45864339.34297612
S3,0.0,99026523.14019789,766942.4459958057,44303643.95271825
S4,428482.44425709936,96076364.91321884,0.0,47272667.58436882
S5,766942.4459958057,92807028.82376839,0.0,47272667.58436882
S6,428482.44425709936,96076364.91321884,428482.44425709936,45864339.34297612
S10,766942.4459958057,92807028.82376839,766942.4459958057,44303643.95271825
