Strategy,aesthetic_benefit_el,economic_losses_el,aesthetic_benefit_br,economic_loss_br
S1,0.0,57209669.245998204,0.0,18195257.913538117
S2,0.0,57209669.245998204,266923.1099860197,12303020.930855235
S3,0.0,57209669.245998204,729794.1180886849,6818140.09882807
S4,254367.1931646241,38932527.240662314,0.0,18195257.913538117
S5,718271.8722858336,21077689.240119267,0.0,18195257.913538117
S6,254367.1931646241,38932527.240662314,266923.1099860197,12303020.930855235
S10,718271.8722858336,21077689.240119267,729794.1180886849,6818140.09882807
