Strategy,aesthetic_benefit_el,economic_losses_el,aesthetic_benefit_br,economic_loss_br
S1,0.0,20674669.17554724,0.0,9887931.491403831
S2,0.0,20927459.82224407,122818.741783343,8722950.741297187
S3,0.0,20927459.82224407,640513.6471943994,3351801.687819802
S4,122818.741783343,18272789.067640793,0.0,9990221.005351977
S5,640513.6471943994,7021335.675797439,0.0,9990221.005351977
S6,122818.741783343,18272789.067640793,122818.741783343,8722950.741297187
S10,640513.6471943994,7021335.675797439,640513.6471943994,3351801.687819802
