Strategy,aesthetic_benefit_el,economic_losses_el,aesthetic_benefit_br,economic_loss_br
S1,0.0,105572440.78357175,0.0,31288722.67174032
S2,0.0,99778997.59867544,428482.44425709936,18951855.525635958
S3,0.0,99778997.59867544,766942.4459958057,10980153.477412289
S4,428482.44425709936,58424486.06343476,0.0,32366517.438077465
S5,766942.4459958057,33849446.71764121,0.0,32366517.438077465
S6,428482.44425709936,58424486.06343476,428482.44425709936,18951855.525635958
S10,766942.4459958057,33849446.71764121,766942.4459958057,10980153.477412289
