Strategy,aesthetic_benefit_el,economic_losses_el,aesthetic_benefit_br,economic_loss_br
S1,0.0,118758700.5716094,0.0,56284920.51495077
S2,0.0,118782385.09601223,547432.7364060661,47884066.49610603
S3,0.0,118782385.09601223,788899.7734471611,40461101.89815623
S4,547432.7364060661,100307278.20596564,0.0,56703598.46495416
S5,788899.7734471611,84757692.9362991,0.0,56703598.46495416
S6,547432.7364060661,100307278.20596564,547432.7364060661,47884066.49610603
S10,788899.7734471611,84757692.9362991,788899.7734471611,40461101.89815623
