Strategy,aesthetic_benefit_el,economic_losses_el,aesthetic_benefit_br,economic_loss_br
S1,0.0,79824421.4758266,0.0,55688032.49237092
S2,0.0,81686750.01827781,428482.44425709936,44268325.74137025
S3,0.0,81686750.01827781,766942.4459958057,30697061.478258282
S4,428482.44425709936,63985800.656404026,0.0,56514658.27521972
S5,766942.4459958057,44369784.11970127,0.0,56514658.27521972
S6,428482.44425709936,63985800.656404026,428482.44425709936,44268325.74137025
S10,766942.4459958057,44369784.11970127,766942.4459958057,30697061.478258282
