Strategy,aesthetic_benefit_el,economic_losses_el,aesthetic_benefit_br,economic_loss_br
S1,0.0,82236457.87800713,0.0,38868123.937807836
S2,0.0,81686750.01827781,599875.4219599391,30545144.761545476
S3,0.0,81686750.01827781,1073719.4243941281,21180972.419998206
S4,599875.4219599391,63985800.656404026,0.0,38995114.20990161
S5,1073719.4243941281,44369784.11970127,0.0,38995114.20990161
S6,599875.4219599391,63985800.656404026,599875.4219599391,30545144.761545476
S10,1073719.4243941281,44369784.11970127,1073719.4243941281,21180972.419998206
