Strategy,aesthetic_benefit_el,economic_losses_el,aesthetic_benefit_br,economic_loss_br
S1,0.0,40699301.18355989,0.0,18995139.841827527
S2,0.0,40871029.34893515,254367.1931646241,14648704.697839582
S3,0.0,40871029.34893515,718271.8722858336,5022567.171192804
S4,254367.1931646241,30686025.749352783,0.0,19510758.562206876
S5,718271.8722858336,10521245.988787444,0.0,19510758.562206876
S6,254367.1931646241,30686025.749352783,254367.1931646241,14648704.697839582
S10,718271.8722858336,10521245.988787444,718271.8722858336,5022567.171192804
