Strategy,aesthetic_benefit_el,economic_losses_el,aesthetic_benefit_br,economic_loss_br
S1,0.0,87958458.90289822,0.0,41984630.9947645
S2,0.0,88622659.26704578,428482.44425709936,36672822.59411773
S3,0.0,88622659.26704578,766942.4459958057,30430041.033086218
S4,428482.44425709936,76822026.35912997,0.0,42306135.55968847
S5,766942.4459958057,63744682.00132812,0.0,42306135.55968847
S6,428482.44425709936,76822026.35912997,428482.44425709936,36672822.59411773
S10,766942.4459958057,63744682.00132812,766942.4459958057,30430041.033086218
