Strategy,aesthetic_benefit_el,economic_losses_el,aesthetic_benefit_br,economic_loss_br
S1,0.0,58594039.408088855,0.0,18348905.749516893
S2,0.0,57209669.245998204,152620.3158987745,12629013.641845306
S3,0.0,57209669.245998204,430963.12337150006,6837224.3935406525
S4,152620.3158987745,38932527.240662314,0.0,18557790.735931646
S5,430963.12337150006,21077689.240119267,0.0,18557790.735931646
S6,152620.3158987745,38932527.240662314,152620.3158987745,12629013.641845306
S10,430963.12337150006,21077689.240119267,430963.12337150006,6837224.3935406525
