Strategy,aesthetic_benefit_el,economic_losses_el,aesthetic_benefit_br,economic_loss_br
S1,0.0,81689891.48807509,0.0,69802516.73914716
S2,0.0,81686750.01827781,428482.44425709936,55335407.17671283
S3,0.0,81686750.01827781,766942.4459958057,38371326.84782286
S4,428482.44425709936,63985800.656404026,0.0,70643322.84402466
S5,766942.4459958057,44369784.11970127,0.0,70643322.84402466
S6,428482.44425709936,63985800.656404026,428482.44425709936,55335407.17671283
S10,766942.4459958057,44369784.11970127,766942.4459958057,38371326.84782286
