Strategy,aesthetic_benefit_el,economic_losses_el,aesthetic_benefit_br,economic_loss_br
S1,0.0,57721793.31069159,0.0,17706804.949262694
S2,0.0,57207780.393570125,254367.1931646241,12328205.088181183
S3,0.0,57207780.393570125,718271.8722858336,6455081.819126871
S4,254367.1931646241,38005199.30026414,0.0,18557178.02607763
S5,718271.8722858336,19899626.042936176,0.0,18557178.02607763
S6,254367.1931646241,38005199.30026414,254367.1931646241,12328205.088181183
S10,718271.8722858336,19899626.042936176,718271.8722858336,6455081.819126871
