Strategy,aesthetic_benefit_el,economic_losses_el,aesthetic_benefit_br,economic_loss_br
S1,0.0,31905858.97287202,0.0,15120412.785854772
S2,0.0,31864549.39474928,168991.28889750622,13685476.719342887
S3,0.0,31864549.39474928,676674.1773618233,9003456.157570535
S4,168991.28889750622,28668261.096413504,0.0,15211301.008024812
S5,676674.1773618233,18860390.265435863,0.0,15211301.008024812
S6,168991.28889750622,28668261.096413504,168991.28889750622,13685476.719342887
S10,676674.1773618233,18860390.265435863,676674.1773618233,9003456.157570535
