Strategy,aesthetic_benefit_el,economic_losses_el,aesthetic_benefit_br,economic_loss_br
S1,0.0,73377736.2825836,0.0,35287260.05697131
S2,0.0,74750840.76950978,428482.44425709936,24417466.928973217
S3,0.0,74750840.76950978,766942.4459958057,11931903.806910196
S4,428482.44425709936,51149574.95367808,0.0,35684092.86011474
S5,766942.4459958057,24994886.238074422,0.0,35684092.86011474
S6,428482.44425709936,51149574.95367808,428482.44425709936,24417466.928973217
S10,766942.4459958057,24994886.238074422,766942.4459958057,11931903.806910196
