Strategy,aesthetic_benefit_el,economic_losses_el,aesthetic_benefit_br,economic_loss_br,benefits,losses,benefit-losses
S1,0,1.91E+09,0,4.20E+06,0,1.91E+09,-1.91E+09
S2,0,1.91E+09,1020.823948,2.69E+06,1020.823948,1.91E+09,-1.91E+09
S3,0,1.91E+09,2220.392903,378596.085,2220.392903,1.91E+09,-1.91E+09
S4,0,1.91E+09,0,4.20E+06,0,1.91E+09,-1.91E+09
S5,2220.392903,1.72E+08,0,4.20E+06,2220.392903,1.76E+08,-1.76E+08
S6,1020.823948,1.22E+09,1020.823948,2.69E+06,2041.647896,1.22E+09,-1.22E+09
S10,2220.392903,1.72E+08,2220.392903,378596.085,4440.785806,1.72E+08,-1.72E+08
