Strategy,aesthetic_benefit_el,economic_losses_el,aesthetic_benefit_br,economic_loss_br
S1,0.0,56433789.747075975,0.0,60824176.34246022
S2,0.0,57209669.245998204,254367.1931646241,45757295.80378734
S3,0.0,57209669.245998204,718271.8722858336,24772552.15050962
S4,254367.1931646241,38932527.240662314,0.0,67238372.23163639
S5,718271.8722858336,21077689.240119267,0.0,67238372.23163639
S6,254367.1931646241,38932527.240662314,254367.1931646241,45757295.80378734
S10,718271.8722858336,21077689.240119267,718271.8722858336,24772552.15050962
