Strategy,aesthetic_benefit_el,economic_losses_el,aesthetic_benefit_br,economic_loss_br
S1,0.0,102494477.7645818,0.0,48928178.25926226
S2,0.0,102494477.7645818,428482.44425709936,45235223.47653609
S3,0.0,102494477.7645818,766942.4459958057,42879541.812509276
S4,428482.44425709936,94758496.46852615,0.0,48928178.25926226
S5,766942.4459958057,89823827.52061117,0.0,48928178.25926226
S6,428482.44425709936,94758496.46852615,428482.44425709936,45235223.47653609
S10,766942.4459958057,89823827.52061117,766942.4459958057,42879541.812509276
