Strategy,aesthetic_benefit_el,economic_losses_el,aesthetic_benefit_br,economic_loss_br
S1,0.0,48536140.44058775,0.0,23197424.42026217
S2,0.0,48824628.47484068,254367.1931646241,20606457.359407477
S3,0.0,48824628.47484068,718271.8722858336,15258603.177937053
S4,254367.1931646241,43166293.141739376,0.0,23307598.395167086
S5,718271.8722858336,31963637.71920306,0.0,23307598.395167086
S6,254367.1931646241,43166293.141739376,254367.1931646241,20606457.359407477
S10,718271.8722858336,31963637.71920306,718271.8722858336,15258603.177937053
