Strategy,aesthetic_benefit_el,economic_losses_el,aesthetic_benefit_br,economic_loss_br
S1,0.0,81532812.75584848,0.0,38561508.62183338
S2,0.0,81686750.01827781,428482.44425709936,30545144.761545476
S3,0.0,81686750.01827781,766942.4459958057,21180972.419998206
S4,428482.44425709936,63985800.656404026,0.0,38995114.20990161
S5,766942.4459958057,44369784.11970127,0.0,38995114.20990161
S6,428482.44425709936,63985800.656404026,428482.44425709936,30545144.761545476
S10,766942.4459958057,44369784.11970127,766942.4459958057,21180972.419998206
