Strategy,aesthetic_benefit_el,economic_losses_el,aesthetic_benefit_br,economic_loss_br
INN,0,0.00E+00,0,0.00E+00
INC,0,0.00E+00,1020.823948,7.10E+05
INA,0,0.00E+00,2220.392903,1.37E+06
ICN,1020.823948,3.25E+08,0,0.00E+00
IAN,2220.392903,6.23E+08,0,0.00E+00
JCC,1020.823948,3.25E+08,1020.823948,7.10E+05
ICC,1020.823948,3.25E+08,1020.823948,7.10E+05
JAA,2220.392903,6.23E+08,2220.392903,1.37E+06
IAA,2220.392903,6.23E+08,2220.392903,1.37E+06
