Strategy,aesthetic_benefit_el,economic_losses_el,aesthetic_benefit_br,economic_loss_br
S1,0.0,58766627.38222259,0.0,18565145.277656365
S2,0.0,58766627.38222259,254367.1931646241,17499116.256109044
S3,0.0,58766627.38222259,718271.8722858336,16372920.210871799
S4,254367.1931646241,55392189.45830803,0.0,18565145.277656365
S5,718271.8722858336,51827297.16363572,0.0,18565145.277656365
S6,254367.1931646241,55392189.45830803,254367.1931646241,17499116.256109044
S10,718271.8722858336,51827297.16363572,718271.8722858336,16372920.210871799
