Strategy,aesthetic_benefit_el,economic_losses_el,aesthetic_benefit_br,economic_loss_br
S1,0.0,56262713.70031347,0.0,18030190.121691555
S2,0.0,57211558.098426305,254367.1931646241,12929822.195509432
S3,0.0,57211558.098426305,718271.8722858336,7219366.967954433
S4,254367.1931646241,39859855.18106049,0.0,18558403.445785668
S5,718271.8722858336,22255752.437302377,0.0,18558403.445785668
S6,254367.1931646241,39859855.18106049,254367.1931646241,12929822.195509432
S10,718271.8722858336,22255752.437302377,718271.8722858336,7219366.967954433
