Strategy,aesthetic_benefit_el,economic_losses_el,aesthetic_benefit_br,economic_loss_br
S1,0.0,62777102.71697203,0.0,30063625.552727513
S2,0.0,63675518.9201216,342654.2825708126,24790602.3806237
S3,0.0,63675518.9201216,746492.3041034972,16809898.156712465
S4,342654.2825708126,51931217.03832139,0.0,30397024.39023835
S5,746492.3041034972,35213281.87856447,0.0,30397024.39023835
S6,342654.2825708126,51931217.03832139,342654.2825708126,24790602.3806237
S10,746492.3041034972,35213281.87856447,746492.3041034972,16809898.156712465
