Strategy,aesthetic_benefit_el,economic_losses_el,aesthetic_benefit_br,economic_loss_br
S1,0.0,55457183.12322867,0.0,16649360.398122508
S2,0.0,57209669.245998204,254367.1931646241,11867028.345381483
S3,0.0,57209669.245998204,718271.8722858336,6424693.011102417
S4,254367.1931646241,38932527.240662314,0.0,17438086.214528788
S5,718271.8722858336,21077689.240119267,0.0,17438086.214528788
S6,254367.1931646241,38932527.240662314,254367.1931646241,11867028.345381483
S10,718271.8722858336,21077689.240119267,718271.8722858336,6424693.011102417
