Strategy,aesthetic_benefit_el,economic_losses_el,aesthetic_benefit_br,economic_loss_br
S1,0.0,27876306.342263777,0.0,12873646.998060815
S2,0.0,27806187.00172811,168991.28889750622,10985208.700449202
S3,0.0,27806187.00172811,676674.1773618233,3962177.8577906704
S4,168991.28889750622,23011754.554224417,0.0,13273945.133472087
S5,676674.1773618233,8299948.307757974,0.0,13273945.133472087
S6,168991.28889750622,23011754.554224417,168991.28889750622,10985208.700449202
S10,676674.1773618233,8299948.307757974,676674.1773618233,3962177.8577906704
