Strategy,aesthetic_benefit_el,economic_losses_el,aesthetic_benefit_br,economic_loss_br
S1,0.0,46999829.2249959,0.0,22427260.564607542
S2,0.0,46836228.69336429,254367.1931646241,19117019.194015503
S3,0.0,46836228.69336429,718271.8722858336,12699594.176250987
S4,254367.1931646241,40046226.29364274,0.0,22358388.436927047
S5,718271.8722858336,26603039.786599167,0.0,22358388.436927047
S6,254367.1931646241,40046226.29364274,254367.1931646241,19117019.194015503
S10,718271.8722858336,26603039.786599167,718271.8722858336,12699594.176250987
