Strategy,aesthetic_benefit_el,economic_losses_el,aesthetic_benefit_br,economic_loss_br
S1,0.0,58766627.38222259,0.0,18565145.277656365
S2,0.0,58766627.38222259,254367.1931646241,16433087.23456172
S3,0.0,58766627.38222259,718271.8722858336,14180695.144087236
S4,254367.1931646241,52017751.534393504,0.0,18565145.277656365
S5,718271.8722858336,44887966.945048794,0.0,18565145.277656365
S6,254367.1931646241,52017751.534393504,254367.1931646241,16433087.23456172
S10,718271.8722858336,44887966.945048794,718271.8722858336,14180695.144087236
