Strategy,aesthetic_benefit_el,economic_losses_el,aesthetic_benefit_br,economic_loss_br
S1,0.0,58793744.756427266,0.0,21748514.57333935
S2,0.0,57255024.16416085,254367.1931646241,33780336.81003885
S3,0.0,57255024.16416085,718271.8722858336,68195138.4876415
S4,254367.1931646241,104137498.01472378,0.0,18572503.058012873
S5,718271.8722858336,210230914.47566932,0.0,18572503.058012873
S6,254367.1931646241,104137498.01472378,254367.1931646241,33780336.81003885
S10,718271.8722858336,210230914.47566932,718271.8722858336,68195138.4876415
