Strategy,aesthetic_benefit_el,economic_losses_el,aesthetic_benefit_br,economic_loss_br
S1,0.0,58379733.25826547,0.0,16970754.80707145
S2,0.0,57204002.688713916,254367.1931646241,11726587.980852935
S3,0.0,57204002.688713916,718271.8722858336,5690796.670299314
S4,254367.1931646241,36150543.41946782,0.0,18555952.606369603
S5,718271.8722858336,17543499.64856996,0.0,18555952.606369603
S6,254367.1931646241,36150543.41946782,254367.1931646241,11726587.980852935
S10,718271.8722858336,17543499.64856996,718271.8722858336,5690796.670299314
