Strategy,aesthetic_benefit_el,economic_losses_el,aesthetic_benefit_br,economic_loss_br
S1,0.0,102494477.7645818,0.0,48928178.25926226
S2,0.0,102494477.7645818,428482.44425709936,32309881.736994535
S3,0.0,102494477.7645818,766942.4459958057,21709314.248873778
S4,428482.44425709936,67682561.93233114,0.0,48928178.25926226
S5,766942.4459958057,45476551.6667136,0.0,48928178.25926226
S6,428482.44425709936,67682561.93233114,428482.44425709936,32309881.736994535
S10,766942.4459958057,45476551.6667136,766942.4459958057,21709314.248873778
