Strategy,aesthetic_benefit_el,economic_losses_el,aesthetic_benefit_br,economic_loss_br
S1,0.0,50437465.56338962,0.0,14991778.41931334
S2,0.0,48274167.338341795,213359.80115318892,11125093.202453895
S3,0.0,48274167.338341795,700889.5225780514,5954173.262476682
S4,213359.80115318892,34296264.65239578,0.0,15659274.161578164
S5,700889.5225780514,18355432.91907673,0.0,15659274.161578164
S6,213359.80115318892,34296264.65239578,213359.80115318892,11125093.202453895
S10,700889.5225780514,18355432.91907673,700889.5225780514,5954173.262476682
