Strategy,aesthetic_benefit_el,economic_losses_el,aesthetic_benefit_br,economic_loss_br
S1,0.0,79568112.99887218,0.0,38987315.400165744
S2,0.0,79527067.19294147,428482.44425709936,31017869.843966924
S3,0.0,79527067.19294147,766942.4459958057,21508774.98931572
S4,428482.44425709936,62294106.04605279,0.0,39598613.3493824
S5,766942.4459958057,43196709.40800375,0.0,39598613.3493824
S6,428482.44425709936,62294106.04605279,428482.44425709936,31017869.843966924
S10,766942.4459958057,43196709.40800375,766942.4459958057,21508774.98931572
