Strategy,aesthetic_benefit_el,economic_losses_el,aesthetic_benefit_br,economic_loss_br
S1,0.0,55009591.58883022,0.0,37207571.98847476
S2,0.0,57209669.245998204,254367.1931646241,27454377.48227241
S3,0.0,57209669.245998204,718271.8722858336,14863531.290305771
S4,254367.1931646241,38932527.240662314,0.0,40343023.33898185
S5,718271.8722858336,21077689.240119267,0.0,40343023.33898185
S6,254367.1931646241,38932527.240662314,254367.1931646241,27454377.48227241
S10,718271.8722858336,21077689.240119267,718271.8722858336,14863531.290305771
