Strategy,aesthetic_benefit_el,economic_losses_el,aesthetic_benefit_br,economic_loss_br
S1,0.0,54463434.405262835,0.0,16676321.325845525
S2,0.0,57772664.91804487,254367.1931646241,12629013.641845306
S3,0.0,57772664.91804487,718271.8722858336,6837224.3935406525
S4,254367.1931646241,39315659.054343715,0.0,18557790.735931646
S5,718271.8722858336,21285113.05457807,0.0,18557790.735931646
S6,254367.1931646241,39315659.054343715,254367.1931646241,12629013.641845306
S10,718271.8722858336,21285113.05457807,718271.8722858336,6837224.3935406525
