Strategy,aesthetic_benefit_el,economic_losses_el,aesthetic_benefit_br,economic_loss_br
S1,0.0,80022566.36018905,0.0,36899875.63517891
S2,0.0,81686750.01827781,428482.44425709936,29599694.596702598
S3,0.0,81686750.01827781,766942.4459958057,20525367.28136318
S4,428482.44425709936,63985800.656404026,0.0,37788115.93094
S5,766942.4459958057,44369784.11970127,0.0,37788115.93094
S6,428482.44425709936,63985800.656404026,428482.44425709936,29599694.596702598
S10,766942.4459958057,44369784.11970127,766942.4459958057,20525367.28136318
