Strategy,aesthetic_benefit_el,economic_losses_el,aesthetic_benefit_br,economic_loss_br
S1,0.0,57232341.71307764,0.0,18565145.277656365
S2,0.0,57232341.71307764,254367.1931646241,17499116.256109044
S3,0.0,57232341.71307764,718271.8722858336,16372920.210871799
S4,254367.1931646241,53946003.99124559,0.0,18565145.277656365
S5,718271.8722858336,50474184.30263224,0.0,18565145.277656365
S6,254367.1931646241,53946003.99124559,254367.1931646241,17499116.256109044
S10,718271.8722858336,50474184.30263224,718271.8722858336,16372920.210871799
