Strategy,aesthetic_benefit_el,economic_losses_el,aesthetic_benefit_br,economic_loss_br
S1,0.0,296428620.0994106,0.0,142394557.908311
S2,0.0,295966485.57347035,428482.44425709936,110670814.35342567
S3,0.0,295966485.57347035,766942.4459958057,76742653.69564572
S4,428482.44425709936,231832611.07392767,0.0,141286645.68804932
S5,766942.4459958057,160760087.390222,0.0,141286645.68804932
S6,428482.44425709936,231832611.07392767,428482.44425709936,110670814.35342567
S10,766942.4459958057,160760087.390222,766942.4459958057,76742653.69564572
