Strategy,aesthetic_benefit_el,economic_losses_el,aesthetic_benefit_br,economic_loss_br
S1,0.0,109445713.62813507,0.0,52070990.90180933
S2,0.0,109486073.63129286,547432.7364060661,39036484.988155395
S3,0.0,109486073.63129286,788899.7734471611,27902038.091230698
S4,547432.7364060661,81773413.29622297,0.0,52265782.941427596
S5,788899.7734471611,58449035.3917232,0.0,52265782.941427596
S6,547432.7364060661,81773413.29622297,547432.7364060661,39036484.988155395
S10,788899.7734471611,58449035.3917232,788899.7734471611,27902038.091230698
