Strategy,aesthetic_benefit_el,economic_losses_el,aesthetic_benefit_br,economic_loss_br
S1,0.0,79958010.7622823,0.0,38325901.71767628
S2,0.0,79527067.19294147,428482.44425709936,30545144.761545476
S3,0.0,79527067.19294147,766942.4459958057,21180972.419998206
S4,428482.44425709936,62294106.04605279,0.0,38995114.20990161
S5,766942.4459958057,43196709.40800375,0.0,38995114.20990161
S6,428482.44425709936,62294106.04605279,428482.44425709936,30545144.761545476
S10,766942.4459958057,43196709.40800375,766942.4459958057,21180972.419998206
