Strategy,aesthetic_benefit_el,economic_losses_el,aesthetic_benefit_br,economic_loss_br
S1,0.0,84834146.42583531,0.0,40511182.2620036
S2,0.0,85154704.64266178,428482.44425709936,33608983.677831605
S3,0.0,85154704.64266178,766942.4459958057,25805506.72654222
S4,428482.44425709936,70403913.50776699,0.0,40650624.88479505
S5,766942.4459958057,54057233.06051469,0.0,40650624.88479505
S6,428482.44425709936,70403913.50776699,428482.44425709936,33608983.677831605
S10,766942.4459958057,54057233.06051469,766942.4459958057,25805506.72654222
