Strategy,aesthetic_benefit_el,economic_losses_el,aesthetic_benefit_br,economic_loss_br
S1,0.0,61992027.72264596,0.0,30397024.39023835
S2,0.0,61992027.72264596,342654.2825708126,24790602.3806237
S3,0.0,61992027.72264596,746492.3041034972,16809898.156712465
S4,342654.2825708126,50558228.67103562,0.0,30397024.39023835
S5,746492.3041034972,34282292.21280048,0.0,30397024.39023835
S6,342654.2825708126,50558228.67103562,342654.2825708126,24790602.3806237
S10,746492.3041034972,34282292.21280048,746492.3041034972,16809898.156712465
