Strategy,aesthetic_benefit_el,economic_losses_el,aesthetic_benefit_br,economic_loss_br
S1,0.0,181480727.08097067,0.0,83194365.36822766
S2,0.0,177579891.34408206,428482.44425709936,66402488.61205539
S3,0.0,177579891.34408206,766942.4459958057,46045592.21738743
S4,428482.44425709936,139099566.64435667,0.0,84771987.41282962
S5,766942.4459958057,96456052.43413322,0.0,84771987.41282962
S6,428482.44425709936,139099566.64435667,428482.44425709936,66402488.61205539
S10,766942.4459958057,96456052.43413322,766942.4459958057,46045592.21738743
