Strategy,aesthetic_benefit_el,economic_losses_el,aesthetic_benefit_br,economic_loss_br
S1,0.0,53024195.92850853,0.0,17526770.486180015
S2,0.0,57209669.245998204,254367.1931646241,12629013.641845306
S3,0.0,57209669.245998204,718271.8722858336,6837224.3935406525
S4,254367.1931646241,38932527.240662314,0.0,18557790.735931646
S5,718271.8722858336,21077689.240119267,0.0,18557790.735931646
S6,254367.1931646241,38932527.240662314,254367.1931646241,12629013.641845306
S10,718271.8722858336,21077689.240119267,718271.8722858336,6837224.3935406525
