Strategy,aesthetic_benefit_el,economic_losses_el,aesthetic_benefit_br,economic_loss_br
S1,0.0,57228562.76063298,0.0,18503325.841632668
S2,0.0,57228562.76063298,266923.1099860197,17441335.63368522
S3,0.0,57228562.76063298,729794.1180886849,16369878.081406213
S4,254367.1931646241,53943309.99475383,0.0,18503325.841632668
S5,718271.8722858336,50472636.49735921,0.0,18503325.841632668
S6,254367.1931646241,53943309.99475383,266923.1099860197,17441335.63368522
S10,718271.8722858336,50472636.49735921,729794.1180886849,16369878.081406213
