Strategy,aesthetic_benefit_el,economic_losses_el,aesthetic_benefit_br,economic_loss_br
S1,0.0,81081165.23049176,0.0,37093564.26484745
S2,0.0,81686750.01827781,428482.44425709936,29316059.547249712
S3,0.0,81686750.01827781,766942.4459958057,20328685.739772674
S4,428482.44425709936,63985800.656404026,0.0,37426016.44725152
S5,766942.4459958057,44369784.11970127,0.0,37426016.44725152
S6,428482.44425709936,63985800.656404026,428482.44425709936,29316059.547249712
S10,766942.4459958057,44369784.11970127,766942.4459958057,20328685.739772674
