Strategy,aesthetic_benefit_el,economic_losses_el,aesthetic_benefit_br,economic_loss_br
S1,0.0,60587942.98841559,0.0,17069854.126781214
S2,0.0,57200224.98385769,254367.1931646241,11124970.873524686
S3,0.0,57200224.98385769,718271.8722858336,4926511.521471755
S4,254367.1931646241,34295887.538671486,0.0,18554727.18666158
S5,718271.8722858336,15187373.254203748,0.0,18554727.18666158
S6,254367.1931646241,34295887.538671486,254367.1931646241,11124970.873524686
S10,718271.8722858336,15187373.254203748,718271.8722858336,4926511.521471755
