Strategy,aesthetic_benefit_el,economic_losses_el,aesthetic_benefit_br,economic_loss_br
S1,0.0,81686750.01827781,0.0,84771987.41282962
S2,0.0,81686750.01827781,428482.44425709936,66402488.61205539
S3,0.0,81686750.01827781,766942.4459958057,46045592.21738743
S4,428482.44425709936,63985800.656404026,0.0,84771987.41282962
S5,766942.4459958057,44369784.11970127,0.0,84771987.41282962
S6,428482.44425709936,63985800.656404026,428482.44425709936,66402488.61205539
S10,766942.4459958057,44369784.11970127,766942.4459958057,46045592.21738743
