Strategy,aesthetic_benefit_el,economic_losses_el,aesthetic_benefit_br,economic_loss_br
S1,0.0,96624336.51280542,0.0,44816852.98837751
S2,0.0,95541606.43421385,547432.7364060661,25765112.726229396
S3,0.0,95541606.43421385,788899.7734471611,9063442.380842378
S4,547432.7364060661,53972615.93160903,0.0,45609059.65613769
S5,788899.7734471611,18986049.07485933,0.0,45609059.65613769
S6,547432.7364060661,53972615.93160903,547432.7364060661,25765112.726229396
S10,788899.7734471611,18986049.07485933,788899.7734471611,9063442.380842378
