Strategy,aesthetic_benefit_el,economic_losses_el,aesthetic_benefit_br,economic_loss_br
S1,0.0,105945321.41517907,0.0,51404434.384629786
S2,0.0,106591415.77329142,547432.7364060661,39036484.988155395
S3,0.0,106591415.77329142,788899.7734471611,27902038.091230698
S4,547432.7364060661,79611439.21565956,0.0,52265782.941427596
S5,788899.7734471611,56903725.07071357,0.0,52265782.941427596
S6,547432.7364060661,79611439.21565956,547432.7364060661,39036484.988155395
S10,788899.7734471611,56903725.07071357,788899.7734471611,27902038.091230698
