Strategy,aesthetic_benefit_el,economic_losses_el,aesthetic_benefit_br,economic_loss_br
S1,0.0,57232341.71307764,0.0,18565145.277656365
S2,0.0,57232341.71307764,254367.1931646241,17542154.03105191
S3,0.0,57232341.71307764,718271.8722858336,16417394.799581774
S4,0.0,57232341.71307764,0.0,18565145.277656365
S5,0.0,57232341.71307764,0.0,18565145.277656365
S6,0.0,57232341.71307764,254367.1931646241,17542154.03105191
S10,0.0,57232341.71307764,718271.8722858336,16417394.799581774
