Strategy,aesthetic_benefit_el,economic_losses_el,aesthetic_benefit_br,economic_loss_br
S1,0.0,61654038.01733547,0.0,17895054.82183452
S2,0.0,57196447.279001534,254367.1931646241,10523353.76619644
S3,0.0,57196447.279001534,718271.8722858336,4162226.3726441935
S4,254367.1931646241,32441231.657875143,0.0,18553501.76695356
S5,718271.8722858336,12831246.859837547,0.0,18553501.76695356
S6,254367.1931646241,32441231.657875143,254367.1931646241,10523353.76619644
S10,718271.8722858336,12831246.859837547,718271.8722858336,4162226.3726441935
