Strategy,aesthetic_benefit_el,economic_losses_el,aesthetic_benefit_br,economic_loss_br
S1,0.0,102494477.7645818,0.0,48928178.25926226
S2,0.0,102494477.7645818,428482.44425709936,37849313.91108378
S3,0.0,102494477.7645818,766942.4459958057,30782268.919003263
S4,428482.44425709936,79286533.87641472,0.0,48928178.25926226
S5,766942.4459958057,64482527.032669686,0.0,48928178.25926226
S6,428482.44425709936,79286533.87641472,428482.44425709936,37849313.91108378
S10,766942.4459958057,64482527.032669686,766942.4459958057,30782268.919003263
