Strategy,aesthetic_benefit_el,economic_losses_el,aesthetic_benefit_br,economic_loss_br
S1,0.0,71746134.43520729,0.0,33437419.334282365
S2,0.0,71746134.43520729,428482.44425709936,30489843.847600583
S3,0.0,71746134.43520729,766942.4459958057,27503673.578778163
S4,428482.44425709936,71746134.43520729,0.0,38009605.71536656
S5,766942.4459958057,71746134.43520729,0.0,40995775.984188996
S6,428482.44425709936,71746134.43520729,428482.44425709936,34249724.7814836
S10,766942.4459958057,71746134.43520729,766942.4459958057,34249724.7814836
