Strategy,aesthetic_benefit_el,economic_losses_el,aesthetic_benefit_br,economic_loss_br
INN,0,1.19E+09,0,2.62E+06
INC,0,1.19E+09,1020.823948,1.91E+06
INA,0,1.19E+09,2220.392903,1.25E+06
ICN,1020.823948,8.65E+08,0,2.62E+06
IAN,2220.392903,5.67E+08,0,2.62E+06
JCC,1020.823948,8.65E+08,1020.823948,1.91E+06
ICC,1020.823948,8.65E+08,1020.823948,1.91E+06
JAA,2220.392903,5.67E+08,2220.392903,1.25E+06
IAA,2220.392903,5.67E+08,2220.392903,1.25E+06
