Strategy,aesthetic_benefit_el,economic_losses_el,aesthetic_benefit_br,economic_loss_br
S1,0.0,28995211.64791648,0.0,13880610.83089277
S2,0.0,29072526.330286916,122818.741783343,13737654.542850723
S3,0.0,29072526.330286916,640513.6471943994,13140860.203575462
S4,122818.741783343,28777562.913108762,0.0,13878462.349967914
S5,640513.6471943994,27527401.425126176,0.0,13878462.349967914
S6,122818.741783343,28777562.913108762,122818.741783343,13737654.542850723
S10,640513.6471943994,27527401.425126176,640513.6471943994,13140860.203575462
