Strategy,aesthetic_benefit_el,economic_losses_el,aesthetic_benefit_br,economic_loss_br
S1,0.0,79161922.20120037,0.0,37093480.79876948
S2,0.0,79527067.19294147,428482.44425709936,29316059.547249712
S3,0.0,79527067.19294147,766942.4459958057,20328685.739772674
S4,428482.44425709936,62294106.04605279,0.0,37426016.44725152
S5,766942.4459958057,43196709.40800375,0.0,37426016.44725152
S6,428482.44425709936,62294106.04605279,428482.44425709936,29316059.547249712
S10,766942.4459958057,43196709.40800375,766942.4459958057,20328685.739772674
