Strategy,aesthetic_benefit_el,economic_losses_el,aesthetic_benefit_br,economic_loss_br
S1,0.0,57293972.16738899,0.0,17212146.0443538
S2,0.0,57205891.54114202,254367.1931646241,12027396.534517057
S3,0.0,57205891.54114202,718271.8722858336,6072939.244713092
S4,254367.1931646241,37077871.35986597,0.0,18556565.316223625
S5,718271.8722858336,18721562.845753063,0.0,18556565.316223625
S6,254367.1931646241,37077871.35986597,254367.1931646241,12027396.534517057
S10,718271.8722858336,18721562.845753063,718271.8722858336,6072939.244713092
