Strategy,aesthetic_benefit_el,economic_losses_el,aesthetic_benefit_br,economic_loss_br
S1,0.0,102494477.7645818,0.0,48928178.25926226
S2,0.0,102494477.7645818,428482.44425709936,34156359.12835761
S3,0.0,102494477.7645818,766942.4459958057,24733632.47225026
S4,428482.44425709936,71550552.58035897,0.0,48928178.25926226
S5,766942.4459958057,51811876.78869895,0.0,48928178.25926226
S6,428482.44425709936,71550552.58035897,428482.44425709936,34156359.12835761
S10,766942.4459958057,51811876.78869895,766942.4459958057,24733632.47225026
