Strategy,aesthetic_benefit_el,economic_losses_el,aesthetic_benefit_br,economic_loss_br
S1,0.0,58475074.7545109,0.0,18151180.58504445
S2,0.0,57209669.245998204,356114.0704304737,12629013.641845306
S3,0.0,57209669.245998204,1005580.621200167,6837224.3935406525
S4,356114.0704304737,38932527.240662314,0.0,18557790.735931646
S5,1005580.621200167,21077689.240119267,0.0,18557790.735931646
S6,356114.0704304737,38932527.240662314,356114.0704304737,12629013.641845306
S10,1005580.621200167,21077689.240119267,1005580.621200167,6837224.3935406525
