Strategy,aesthetic_benefit_el,economic_losses_el,aesthetic_benefit_br,economic_loss_br
S1,0.0,81480407.82168075,0.0,39502184.433035605
S2,0.0,81686750.01827781,428482.44425709936,31017869.843966924
S3,0.0,81686750.01827781,766942.4459958057,21508774.98931572
S4,428482.44425709936,63985800.656404026,0.0,39598613.3493824
S5,766942.4459958057,44369784.11970127,0.0,39598613.3493824
S6,428482.44425709936,63985800.656404026,428482.44425709936,31017869.843966924
S10,766942.4459958057,44369784.11970127,766942.4459958057,21508774.98931572
