Strategy,aesthetic_benefit_el,economic_losses_el,aesthetic_benefit_br,economic_loss_br
S1,0.0,79242469.84067129,0.0,38394210.250265196
S2,0.0,79527067.19294147,428482.44425709936,30072419.679124027
S3,0.0,79527067.19294147,766942.4459958057,20853169.850680705
S4,428482.44425709936,62294106.04605279,0.0,38391615.07042081
S5,766942.4459958057,43196709.40800375,0.0,38391615.07042081
S6,428482.44425709936,62294106.04605279,428482.44425709936,30072419.679124027
S10,766942.4459958057,43196709.40800375,766942.4459958057,20853169.850680705
