Strategy,aesthetic_benefit_el,economic_losses_el,aesthetic_benefit_br,economic_loss_br
S1,0.0,57803159.02884456,0.0,17311895.37414529
S2,0.0,57202113.836285815,254367.1931646241,11425779.42718881
S3,0.0,57202113.836285815,718271.8722858336,5308654.095885533
S4,254367.1931646241,35223215.479069635,0.0,18555339.896515597
S5,718271.8722858336,16365436.451386852,0.0,18555339.896515597
S6,254367.1931646241,35223215.479069635,254367.1931646241,11425779.42718881
S10,718271.8722858336,16365436.451386852,718271.8722858336,5308654.095885533
