aesthetic_benefit_el,economic_losses_el,aesthetic_benefit_br,economic_loss_br
342654.2825708126,51931217.03832139,342654.2825708126,24790602.3806237
