aesthetic_benefit_el,economic_losses_el,aesthetic_benefit_br,economic_loss_br
766942.4459958057,63744682.00132812,766942.4459958057,30430041.033086218
