aesthetic_benefit_el,economic_losses_el,aesthetic_benefit_br,economic_loss_br
766942.4459958057,96456052.43413322,766942.4459958057,46045592.21738743
