aesthetic_benefit_el,economic_losses_el,aesthetic_benefit_br,economic_loss_br
254367.1931646241,32441231.657875143,254367.1931646241,10523353.76619644
