aesthetic_benefit_el,economic_losses_el,aesthetic_benefit_br,economic_loss_br
152620.3158987745,38932527.240662314,152620.3158987745,12629013.641845306
