aesthetic_benefit_el,economic_losses_el,aesthetic_benefit_br,economic_loss_br
430963.12337150006,21077689.240119267,430963.12337150006,6837224.3935406525
