aesthetic_benefit_el,economic_losses_el,aesthetic_benefit_br,economic_loss_br
718271.8722858336,19899626.042936176,718271.8722858336,6455081.819126871
