aesthetic_benefit_el,economic_losses_el,aesthetic_benefit_br,economic_loss_br
718271.8722858336,15881843.921391347,718271.8722858336,7581576.172878867
