aesthetic_benefit_el,economic_losses_el,aesthetic_benefit_br,economic_loss_br
254367.1931646241,38932527.240662314,266923.1099860197,12303020.930855235
