aesthetic_benefit_el,economic_losses_el,aesthetic_benefit_br,economic_loss_br
599875.4219599391,63985800.656404026,599875.4219599391,30545144.761545476
