aesthetic_benefit_el,economic_losses_el,aesthetic_benefit_br,economic_loss_br
766942.4459958057,51811876.78869895,766942.4459958057,24733632.47225026
