aesthetic_benefit_el,economic_losses_el,aesthetic_benefit_br,economic_loss_br
766942.4459958057,45836127.50932317,766942.4459958057,21180972.419998206
