aesthetic_benefit_el,economic_losses_el,aesthetic_benefit_br,economic_loss_br
168991.28889750622,28668261.096413504,168991.28889750622,13685476.719342887
