aesthetic_benefit_el,economic_losses_el,aesthetic_benefit_br,economic_loss_br
428482.44425709936,98626487.11655398,428482.44425709936,47081700.867899165
