aesthetic_benefit_el,economic_losses_el,aesthetic_benefit_br,economic_loss_br
766942.4459958057,83119579.88295496,766942.4459958057,39679109.64617424
