aesthetic_benefit_el,economic_losses_el,aesthetic_benefit_br,economic_loss_br
788899.7734471611,84757692.9362991,788899.7734471611,40461101.89815623
