aesthetic_benefit_el,economic_losses_el,aesthetic_benefit_br,economic_loss_br
428482.44425709936,94758496.46852615,428482.44425709936,29935446.895539388
