aesthetic_benefit_el,economic_losses_el,aesthetic_benefit_br,economic_loss_br
640513.6471943994,14711110.331795713,640513.6471943994,7022698.631228175
