aesthetic_benefit_el,economic_losses_el,aesthetic_benefit_br,economic_loss_br
766942.4459958057,70817852.15465504,766942.4459958057,43697818.62004215
