aesthetic_benefit_el,economic_losses_el,aesthetic_benefit_br,economic_loss_br
788899.7734471611,71603364.16401117,788899.7734471611,34181569.99469348
