aesthetic_benefit_el,economic_losses_el,aesthetic_benefit_br,economic_loss_br
766942.4459958057,54057233.06051469,766942.4459958057,25805506.72654222
