aesthetic_benefit_el,economic_losses_el,aesthetic_benefit_br,economic_loss_br
1020.8239477146535,1219862993.4450386,1020.8239477146535,2691097.769661158
