aesthetic_benefit_el,economic_losses_el,aesthetic_benefit_br,economic_loss_br
676674.1773618233,18860390.265435863,676674.1773618233,9003456.157570535
