aesthetic_benefit_el,economic_losses_el,aesthetic_benefit_br,economic_loss_br
766942.4459958057,92807028.82376839,766942.4459958057,44303643.95271825
