aesthetic_benefit_el,economic_losses_el,aesthetic_benefit_br,economic_loss_br
766942.4459958057,64482527.032669686,766942.4459958057,30782268.919003263
