aesthetic_benefit_el,economic_losses_el,aesthetic_benefit_br,economic_loss_br
640513.6471943994,7021335.675797439,640513.6471943994,3351801.687819802
