aesthetic_benefit_el,economic_losses_el,aesthetic_benefit_br,economic_loss_br
254367.1931646241,37077871.35986597,254367.1931646241,12027396.534517057
