aesthetic_benefit_el,economic_losses_el,aesthetic_benefit_br,economic_loss_br
718271.8722858336,691921717.857497,5374.110148517217,436986132.2959792
