aesthetic_benefit_el,economic_losses_el,aesthetic_benefit_br,economic_loss_br
428482.44425709936,89658252.0618559,428482.44425709936,42800500.42669
