aesthetic_benefit_el,economic_losses_el,aesthetic_benefit_br,economic_loss_br
766942.4459958057,77153177.27664037,766942.4459958057,36830905.36575626
