aesthetic_benefit_el,economic_losses_el,aesthetic_benefit_br,economic_loss_br
547432.7364060661,81773413.29622297,547432.7364060661,39036484.988155395
