aesthetic_benefit_el,economic_losses_el,aesthetic_benefit_br,economic_loss_br
766942.4459958057,71746134.43520729,766942.4459958057,34249724.7814836
