aesthetic_benefit_el,economic_losses_el,aesthetic_benefit_br,economic_loss_br
122818.741783343,22212079.25969128,122818.741783343,10603464.666879764
