aesthetic_benefit_el,economic_losses_el,aesthetic_benefit_br,economic_loss_br
718271.8722858336,21077689.240119267,718271.8722858336,6517432.624208689
