aesthetic_benefit_el,economic_losses_el,aesthetic_benefit_br,economic_loss_br
428482.44425709936,83154524.52444254,428482.44425709936,51310103.590399355
