aesthetic_benefit_el,economic_losses_el,aesthetic_benefit_br,economic_loss_br
428482.44425709936,63985800.656404026,428482.44425709936,55335407.17671283
