aesthetic_benefit_el,economic_losses_el,aesthetic_benefit_br,economic_loss_br
254367.1931646241,55646560.534125954,254367.1931646241,26564210.020975377
