aesthetic losses,economic losses,total losses
94255118.29018706,265169233.37611786,359424351.66630477
