aesthetic_benefit_el,economic_losses_el,aesthetic_benefit_br,economic_loss_br
428482.44425709936,51149574.95367808,428482.44425709936,24417466.928973217
