aesthetic_benefit_el,economic_losses_el,aesthetic_benefit_br,economic_loss_br
1073719.4243941281,44369784.11970127,1073719.4243941281,21180972.419998206
