aesthetic_benefit_el,economic_losses_el,aesthetic_benefit_br,economic_loss_br
547432.7364060661,53972615.93160903,547432.7364060661,25765112.726229396
