aesthetic_benefit_el,economic_losses_el,aesthetic_benefit_br,economic_loss_br
718271.8722858336,210230914.47566932,718271.8722858336,68195138.4876415
