aesthetic_benefit_el,economic_losses_el,aesthetic_benefit_br,economic_loss_br
766942.4459958057,45476551.6667136,766942.4459958057,21709314.248873778
