aesthetic_benefit_el,economic_losses_el,aesthetic_benefit_br,economic_loss_br
640513.6471943994,17274368.5504618,640513.6471943994,8246330.945697631
