aesthetic_benefit_el,economic_losses_el,aesthetic_benefit_br,economic_loss_br
766942.4459958057,83488502.39862575,766942.4459958057,39855223.58913277
