aesthetic_benefit_el,economic_losses_el,aesthetic_benefit_br,economic_loss_br
718271.8722858336,26603039.786599167,718271.8722858336,12699594.176250987
