aesthetic_benefit_el,economic_losses_el,aesthetic_benefit_br,economic_loss_br
254367.1931646241,34295887.538671486,254367.1931646241,11124970.873524686
