aesthetic_benefit_el,economic_losses_el,aesthetic_benefit_br,economic_loss_br
254367.1931646241,50330532.57243619,254367.1931646241,15900072.72378806
