aesthetic_benefit_el,economic_losses_el,aesthetic_benefit_br,economic_loss_br
718271.8722858336,17543499.64856996,718271.8722858336,6837224.3935406525
