aesthetic_benefit_el,economic_losses_el,aesthetic_benefit_br,economic_loss_br
718271.8722858336,51827297.16363572,718271.8722858336,16372920.210871799
