aesthetic_benefit_el,economic_losses_el,aesthetic_benefit_br,economic_loss_br
727376.2509011868,22796604.860864732,727376.2509011868,7394809.79480129
