aesthetic_benefit_el,economic_losses_el,aesthetic_benefit_br,economic_loss_br
428482.44425709936,70403913.50776699,428482.44425709936,33608983.677831605
