aesthetic_benefit_el,economic_losses_el,aesthetic_benefit_br,economic_loss_br
676674.1773618233,8299948.307757974,676674.1773618233,3962177.8577906704
