aesthetic_benefit_el,economic_losses_el,aesthetic_benefit_br,economic_loss_br
766942.4459958057,96159152.64259648,766942.4459958057,45903860.03588575
