aesthetic_benefit_el,economic_losses_el,aesthetic_benefit_br,economic_loss_br
2220.392903408871,171615969.79622042,2220.392903408871,378596.0850017817
