aesthetic_benefit_el,economic_losses_el,aesthetic_benefit_br,economic_loss_br
254367.1931646241,39976231.1468978,254367.1931646241,12629013.641845306
