aesthetic_benefit_el,economic_losses_el,aesthetic_benefit_br,economic_loss_br
428482.44425709936,58424486.06343476,428482.44425709936,18951855.525635958
