aesthetic_benefit_el,economic_losses_el,aesthetic_benefit_br,economic_loss_br
428482.44425709936,231832611.07392767,428482.44425709936,110670814.35342567
