aesthetic_benefit_el,economic_losses_el,aesthetic_benefit_br,economic_loss_br
766942.4459958057,43196709.40800375,766942.4459958057,20525367.28136318
