aesthetic_benefit_el,economic_losses_el,aesthetic_benefit_br,economic_loss_br
746492.3041034972,27275848.307953354,746492.3041034972,8847796.040691506
