aesthetic_benefit_el,economic_losses_el,aesthetic_benefit_br,economic_loss_br
766942.4459958057,73432130.94214156,766942.4459958057,35054575.339630246
