aesthetic_benefit_el,economic_losses_el,aesthetic_benefit_br,economic_loss_br
254367.1931646241,104137498.01472378,254367.1931646241,33780336.81003885
