aesthetic_benefit_el,economic_losses_el,aesthetic_benefit_br,economic_loss_br
428482.44425709936,67682561.93233114,428482.44425709936,32309881.736994535
