aesthetic_benefit_el,economic_losses_el,aesthetic_benefit_br,economic_loss_br
718271.8722858336,15187373.254203748,718271.8722858336,4926511.521471755
