aesthetic_benefit_el,economic_losses_el,aesthetic_benefit_br,economic_loss_br
2220.392903408871,567413256.0801024,2220.392903408871,1251750.8573655551
