aesthetic_benefit_el,economic_losses_el,aesthetic_benefit_br,economic_loss_br
428482.44425709936,76822026.35912997,428482.44425709936,36672822.59411773
