aesthetic_benefit_el,economic_losses_el,aesthetic_benefit_br,economic_loss_br
428482.44425709936,96076364.91321884,428482.44425709936,45864339.34297612
