aesthetic_benefit_el,economic_losses_el,aesthetic_benefit_br,economic_loss_br
254367.1931646241,40046226.29364274,254367.1931646241,19117019.194015503
