aesthetic_benefit_el,economic_losses_el,aesthetic_benefit_br,economic_loss_br
254367.1931646241,48643313.61047893,254367.1931646241,20332221.280904114
