aesthetic_benefit_el,economic_losses_el,aesthetic_benefit_br,economic_loss_br
788899.7734471611,124220679.25316304,788899.7734471611,59299697.608544596
