aesthetic_benefit_el,economic_losses_el,aesthetic_benefit_br,economic_loss_br
254367.1931646241,36150543.41946782,254367.1931646241,11726587.980852935
