aesthetic_benefit_el,economic_losses_el,aesthetic_benefit_br,economic_loss_br
766942.4459958057,44369784.11970127,766942.4459958057,30697061.478258282
