aesthetic_benefit_el,economic_losses_el,aesthetic_benefit_br,economic_loss_br
718271.8722858336,45821063.565476686,718271.8722858336,14863531.290305771
