aesthetic_benefit_el,economic_losses_el,aesthetic_benefit_br,economic_loss_br
718271.8722858336,12831246.859837547,718271.8722858336,4162226.3726441935
