aesthetic_benefit_el,economic_losses_el,aesthetic_benefit_br,economic_loss_br
700889.5225780514,18355432.91907673,700889.5225780514,5954173.262476682
