aesthetic_benefit_el,economic_losses_el,aesthetic_benefit_br,economic_loss_br
718271.8722858336,41418301.83575538,718271.8722858336,13084582.610694949
