aesthetic_benefit_el,economic_losses_el,aesthetic_benefit_br,economic_loss_br
766942.4459958057,34682335.17888786,766942.4459958057,16556438.1134542
