aesthetic_benefit_el,economic_losses_el,aesthetic_benefit_br,economic_loss_br
428482.44425709936,83240139.21049295,428482.44425709936,39736661.51040387
