aesthetic_benefit_el,economic_losses_el,aesthetic_benefit_br,economic_loss_br
254367.1931646241,53946003.99124559,254367.1931646241,17499116.256109044
