aesthetic_benefit_el,economic_losses_el,aesthetic_benefit_br,economic_loss_br
254367.1931646241,38005199.30026414,254367.1931646241,12328205.088181183
