aesthetic_benefit_el,economic_losses_el,aesthetic_benefit_br,economic_loss_br
718271.8722858336,31963637.71920306,718271.8722858336,15258603.177937053
