aesthetic_benefit_el,economic_losses_el,aesthetic_benefit_br,economic_loss_br
718271.8722858336,14009310.05702065,718271.8722858336,4544368.947057975
