aesthetic_benefit_el,economic_losses_el,aesthetic_benefit_br,economic_loss_br
766942.4459958057,15307437.297261,766942.4459958057,7307369.500366189
