aesthetic_benefit_el,economic_losses_el,aesthetic_benefit_br,economic_loss_br
746492.3041034972,34282292.21280048,746492.3041034972,16809898.156712465
