aesthetic_benefit_el,economic_losses_el,aesthetic_benefit_br,economic_loss_br
356114.0704304737,38932527.240662314,356114.0704304737,12629013.641845306
