aesthetic_benefit_el,economic_losses_el,aesthetic_benefit_br,economic_loss_br
718271.8722858336,16365436.451386852,718271.8722858336,5308654.095885533
