aesthetic_benefit_el,economic_losses_el,aesthetic_benefit_br,economic_loss_br
547432.7364060661,100307278.20596564,547432.7364060661,47884066.49610603
