aesthetic_benefit_el,economic_losses_el,aesthetic_benefit_br,economic_loss_br
254367.1931646241,1493266497.0954375,1903.1753392841397,943078868.9122943
