aesthetic_benefit_el,economic_losses_el,aesthetic_benefit_br,economic_loss_br
718271.8722858336,1487147397.8396084,718271.8722858336,468295453.3834926
