aesthetic_benefit_el,economic_losses_el,aesthetic_benefit_br,economic_loss_br
1020.8239477146535,864650617.7115725,1020.8239477146535,1907475.9717797716
