aesthetic_benefit_el,economic_losses_el,aesthetic_benefit_br,economic_loss_br
254367.1931646241,52017751.534393504,254367.1931646241,16433087.23456172
