aesthetic_benefit_el,economic_losses_el,aesthetic_benefit_br,economic_loss_br
254367.1931646241,35223215.479069635,254367.1931646241,11425779.42718881
