aesthetic_benefit_el,economic_losses_el,aesthetic_benefit_br,economic_loss_br
766942.4459958057,160760087.390222,766942.4459958057,76742653.69564572
