aesthetic_benefit_el,economic_losses_el,aesthetic_benefit_br,economic_loss_br
766942.4459958057,33849446.71764121,766942.4459958057,10980153.477412289
