aesthetic_benefit_el,economic_losses_el,aesthetic_benefit_br,economic_loss_br
718271.8722858336,50472636.49735921,729794.1180886849,16369878.081406213
