aesthetic_benefit_el,economic_losses_el,aesthetic_benefit_br,economic_loss_br
718271.8722858336,10521245.988787444,718271.8722858336,5022567.171192804
