aesthetic_benefit_el,economic_losses_el,aesthetic_benefit_br,economic_loss_br
766942.4459958057,89823827.52061117,766942.4459958057,42879541.812509276
