aesthetic_benefit_el,economic_losses_el,aesthetic_benefit_br,economic_loss_br
718271.8722858336,18721562.845753063,718271.8722858336,6072939.244713092
