aesthetic_benefit_el,economic_losses_el,aesthetic_benefit_br,economic_loss_br
254367.1931646241,39859855.18106049,254367.1931646241,12929822.195509432
