aesthetic_benefit_el,economic_losses_el,aesthetic_benefit_br,economic_loss_br
428482.44425709936,139099566.64435667,428482.44425709936,66402488.61205539
