aesthetic_benefit_el,economic_losses_el,aesthetic_benefit_br,economic_loss_br
168991.28889750622,23011754.554224417,168991.28889750622,10985208.700449202
