aesthetic_benefit_el,economic_losses_el,aesthetic_benefit_br,economic_loss_br
257089.4665542597,63985800.656404026,257089.4665542597,30545144.761545476
