aesthetic_benefit_el,economic_losses_el,aesthetic_benefit_br,economic_loss_br
428482.44425709936,75418543.22838688,428482.44425709936,46536653.150461674
