aesthetic_benefit_el,economic_losses_el,aesthetic_benefit_br,economic_loss_br
428482.44425709936,65043109.78787352,428482.44425709936,30545144.761545476
