aesthetic_benefit_el,economic_losses_el,aesthetic_benefit_br,economic_loss_br
254367.1931646241,33806092.59744943,254367.1931646241,16138142.863231556
