aesthetic_benefit_el,economic_losses_el,aesthetic_benefit_br,economic_loss_br
547432.7364060661,91040345.75109433,547432.7364060661,43460275.74213072
