aesthetic_benefit_el,economic_losses_el,aesthetic_benefit_br,economic_loss_br
428482.44425709936,71746134.43520729,428482.44425709936,34249724.7814836
