aesthetic_benefit_el,economic_losses_el,aesthetic_benefit_br,economic_loss_br
718271.8722858336,21285113.05457807,718271.8722858336,6837224.3935406525
