aesthetic_benefit_el,economic_losses_el,aesthetic_benefit_br,economic_loss_br
428482.44425709936,90890505.82049824,428482.44425709936,43388746.085173026
