aesthetic_benefit_el,economic_losses_el,aesthetic_benefit_br,economic_loss_br
122818.741783343,28777562.913108762,122818.741783343,13737654.542850723
