aesthetic_benefit_el,economic_losses_el,aesthetic_benefit_br,economic_loss_br
122818.741783343,23525175.990374774,122818.741783343,11230302.642073957
