aesthetic_benefit_el,economic_losses_el,aesthetic_benefit_br,economic_loss_br
279596.0426463537,41746750.16046395,279596.0426463537,13541897.088267168
