aesthetic_benefit_el,economic_losses_el,aesthetic_benefit_br,economic_loss_br
428482.44425709936,87022515.17247038,428482.44425709936,41542268.69380993
