aesthetic_benefit_el,economic_losses_el,aesthetic_benefit_br,economic_loss_br
428482.44425709936,71550552.58035897,428482.44425709936,34156359.12835761
