aesthetic_benefit_el,economic_losses_el,aesthetic_benefit_br,economic_loss_br
547432.7364060661,128108075.57057962,547432.7364060661,61155438.758032024
