aesthetic_benefit_el,economic_losses_el,aesthetic_benefit_br,economic_loss_br
788899.7734471611,18986049.07485933,788899.7734471611,9063442.380842378
