aesthetic_benefit_el,economic_losses_el,aesthetic_benefit_br,economic_loss_br
254367.1931646241,30686025.749352783,254367.1931646241,14648704.697839582
