aesthetic_benefit_el,economic_losses_el,aesthetic_benefit_br,economic_loss_br
788899.7734471611,58449035.3917232,788899.7734471611,27902038.091230698
