aesthetic_benefit_el,economic_losses_el,aesthetic_benefit_br,economic_loss_br
718271.8722858336,22255752.437302377,718271.8722858336,7219366.967954433
