aesthetic_benefit_el,economic_losses_el,aesthetic_benefit_br,economic_loss_br
1005580.621200167,21077689.240119267,1005580.621200167,6837224.3935406525
