aesthetic_benefit_el,economic_losses_el,aesthetic_benefit_br,economic_loss_br
254367.1931646241,38932527.240662314,254367.1931646241,12038327.365516761
