aesthetic_benefit_el,economic_losses_el,aesthetic_benefit_br,economic_loss_br
342654.2825708126,48756500.76388296,342654.2825708126,15815734.474915227
