aesthetic_benefit_el,economic_losses_el,aesthetic_benefit_br,economic_loss_br
254367.1931646241,53943309.99475383,266923.1099860197,17441335.63368522
