aesthetic_benefit_el,economic_losses_el,aesthetic_benefit_br,economic_loss_br
718271.8722858336,53406029.44961869,718271.8722858336,25494639.18468129
