aesthetic_benefit_el,economic_losses_el,aesthetic_benefit_br,economic_loss_br
254367.1931646241,84635928.78404847,254367.1931646241,27454377.48227241
