aesthetic_benefit_el,economic_losses_el,aesthetic_benefit_br,economic_loss_br
428482.44425709936,62294106.04605279,428482.44425709936,30072419.679124027
