aesthetic_benefit_el,economic_losses_el,aesthetic_benefit_br,economic_loss_br
640513.6471943994,27527401.425126176,640513.6471943994,13140860.203575462
