aesthetic_benefit_el,economic_losses_el,aesthetic_benefit_br,economic_loss_br
766942.4459958057,58147201.910684295,766942.4459958057,27757950.695626765
