aesthetic_benefit_el,economic_losses_el,aesthetic_benefit_br,economic_loss_br
254367.1931646241,43166293.141739376,254367.1931646241,20606457.359407477
