strategy,net benefit,under_prop
I_NN,-750819270.1,0.33837619
I_NC,-753262209.8,0.425976383
I_NA,-766093682.6,0.668061154
I_CN,-648655901.1,0.425976383
I_AN,-368311692.7,0.668061154
J_CC,-649459267.3,0.513576576
I_CC,-651098840.8,0.513576576
J_AA,-375317483.8,0.997746119
I_AA,-375317483.8,0.997746119
