strategy,net benefit,under_prop
S1,-750819270.1,0.33837619
S2,-753262209.8,0.425976383
S3,-766093682.6,0.668061154
S4,-648655901.1,0.425976383
S5,-368311692.7,0.668061154
S6,-649459267.3,0.513576576
S7,-651098840.8,0.513576576
S8,-649459267.3,0.513576576
S9,-651098840.8,0.513576576
S10,-375317483.8,0.997746119
S11,-375317483.8,0.997746119
S12,-375317483.8,0.997746119
S13,-375317483.8,0.997746119
