strategy,net benefit,under_prop
S1,-1152947245,0.668061154
S2,-1158707526,0.668061154
S3,-1169266246,0.669219015
S4,-861564797.1,0.668061154
S5,-585986275.6,0.669219015
S6,-863806116.6,0.997746119
S7,-867325078.5,0.997746119
S8,-863806116.6,0.997746119
S9,-867325078.5,0.997746119
S10,-594023052.2,1
S11,-602305276.6,1
S12,-594023052.2,1
S13,-602305276.6,1
