aesthetic losses,economic losses,total losses
89845245.6341613,316193383.36161363,406038628.9957749
