aesthetic losses,economic losses,total losses
24777219.475306872,88906644.23464122,113683863.70994811
