aesthetic losses,economic losses,total losses
4409872.656025767,14598598.863978326,19008471.520004034
