aesthetic losses,economic losses,total losses
4409872.656025767,8404439.566883177,12814312.222908854
