aesthetic losses,economic losses,total losses
142154136.6666547,498895439.3411025,641049576.0077573
