aesthetic losses,economic losses,total losses
-481074.42056883126,-32407765.00536728,-32888839.425938606
