aesthetic losses,economic losses,total losses
89845245.6341613,256764793.80923468,346610039.4433959
