aesthetic losses,economic losses,total losses
38746992.76406732,2802265134.085976,2841012126.850043
