aesthetic losses,economic losses,total losses
94255118.29018706,330791982.22559196,425047100.51577896
