aesthetic losses,economic losses,total losses
38561570.89751854,134492537.63102815,173054108.52854663
