aesthetic losses,economic losses,total losses
-3606755.7008332238,-232628689.2651143,-236235444.96594858
