aesthetic losses,economic losses,total losses
-13784351.422211666,-45585893.39638692,-59370244.818598524
