aesthetic losses,economic losses,total losses
-6650902.9069086015,-22017384.898531377,-28668287.80543995
