aesthetic losses,economic losses,total losses
35621311.48380293,2602044209.826229,2637665521.310033
