aesthetic losses,economic losses,total losses
135503233.7597461,476878054.4425711,612381288.2023174
