aesthetic losses,economic losses,total losses
39228067.18463615,2834672899.0913434,2873900966.2759814
