lifecycle infrastructure,environmental restoration,safety,total cost
742007.6889628544,362483.5567176754,13070.879456934752,1117562.1251374576
