lifecycle infrastructure,environmental restoration,safety,total cost
2100497.9112948887,302307.300240181,11857.317358724307,2414662.528893793
