lifecycle infrastructure,environmental restoration,safety,total cost
1319313.8402810986,255761.90970980012,120505.00662169827,1695580.7566125952
