lifecycle infrastructure,environmental restoration,safety,total cost
12241664.174157934,0.0,1251713.4703601662,13493377.644518109
