lifecycle infrastructure,environmental restoration,safety,total cost
4273254.796855888,684630.5581991727,356957.2935824039,5314842.648637462
