lifecycle infrastructure,environmental restoration,safety,total cost
2380975.2617604146,684630.5581991727,320222.16313933994,3385827.983098923
