lifecycle infrastructure,environmental restoration,safety,total cost
1892279.535095474,0.0,36735.130443063965,1929014.665538539
