lifecycle infrastructure,environmental restoration,safety,total cost
12983671.863120789,362483.5567176754,1264784.349817101,14610939.769655567
