lifecycle infrastructure,environmental restoration,safety,total cost
4599426.508150202,255761.90970980012,259203.07412360996,5114391.491983611
