lifecycle infrastructure,environmental restoration,safety,total cost
3280112.6678691036,0.0,138698.0675019117,3418810.735371016
