lifecycle infrastructure,environmental restoration,safety,total cost
15149590.220920203,302307.300240181,1242333.2143261067,16694230.735486489
