lifecycle infrastructure,environmental restoration,safety,total cost
13049092.309625315,0.0,1230475.8969673824,14279568.206592696
