lifecycle infrastructure,environmental restoration,safety,total cost
742007.6889628507,362483.5567176754,4633.399073757697,1109124.644754285
