lifecycle infrastructure,environmental restoration,safety,total cost
12241664.17415794,0.0,1251713.4703601657,13493377.644518105
