total_infrastructre,total_environmental,total_safety,total_total
12241664.17415794,0.0,1251713.4703601657,13493377.644518105
