lifecycle infrastructure,environmental restoration,safety,total cost
12983671.86312079,362483.5567176754,1256346.8694339234,14602502.28927239
