strategy,net benefit,under_prop
S1,-1193338873,0.669219015
S2,-1199246644,0.669219015
S3,-1209800796,0.669219015
S4,-883483239.2,0.669219015
S5,-607915452.4,0.669219015
S6,-885869044.1,1
S7,-889391010.8,1
S8,-885869044.1,1
S9,-889391010.8,1
S10,-616095151,1
S11,-624377375.4,1
S12,-616095151,1
S13,-624377375.4,1
