Strategy,aesthetic_benefit_el,economic_losses_el,aesthetic_benefit_br,economic_loss_br
S1,0.0,80121956.59911396,0.0,38326683.487238415
S2,0.0,80876868.95877667,428482.44425709936,30545144.761545476
S3,0.0,80876868.95877667,766942.4459958057,21180972.419998206
S4,428482.44425709936,63351415.17752235,0.0,38995114.20990161
S5,766942.4459958057,43929881.10281471,0.0,38995114.20990161
S6,428482.44425709936,63351415.17752235,428482.44425709936,30545144.761545476
S10,766942.4459958057,43929881.10281471,766942.4459958057,21180972.419998206
