Strategy,aesthetic_benefit_el,economic_losses_el,aesthetic_benefit_br,economic_loss_br
S1,0.0,85911028.24663311,0.0,41017949.67128314
S2,0.0,87215154.44640729,428482.44425709936,31869691.311816063
S3,0.0,87215154.44640729,766942.4459958057,22505518.97026879
S4,428482.44425709936,66760453.459242895,0.0,41634229.63590641
S5,766942.4459958057,47144436.92254014,0.0,41634229.63590641
S6,428482.44425709936,66760453.459242895,428482.44425709936,31869691.311816063
S10,766942.4459958057,47144436.92254014,766942.4459958057,22505518.97026879
